competency_id,batch_id,title,description,related_skills,related_skills_with_bloom,skill_focus,future_relevance,all_skills_human_verified,human_quality,human_relevant,human_skill_focus,human_notes,reviewer_id
C2_b77,77,Risk Mitigation and Cybersecurity,"Apply strategies and controls to mitigate various risks, including cybersecurity attacks, ensuring the protection of systems and data.","[""mitigate risk"", ""mitigate risk of attacks""]",mitigate risk (Bloom: nan); mitigate risk of attacks (Bloom: Apply),Both,"As cyber threats become more sophisticated, the demand for professionals capable of identifying and mitigating risks, especially cyberattacks, will continue to grow. This competency is fundamental for safeguarding digital assets and maintaining business continuity in an increasingly interconnected world.",,,,,,
C3_b139,139,Business Analysis and Solution Evaluation,Evaluate new or improved business opportunities and execute merchandise plans by analyzing market trends and stakeholder requirements to drive business growth.,"[""evaluates new or improved business"", ""execute merchandise plan""]",evaluates new or improved business (Bloom: Create); execute merchandise plan (Bloom: Create),Hard,"The capacity to critically evaluate business opportunities and translate them into actionable plans is vital for innovation and strategic decision-making, especially in rapidly evolving digital markets.",,,,,,
C5_b153,153,Design and Implement Comprehensive Governance and Security Frameworks,Develop comprehensive governance solutions and DLP incident playbooks to ensure data security and compliance within organizational systems.,"[""develop comprehensive governance solutions"", ""develop DLP incident playbooks""]",develop comprehensive governance solutions (Bloom: Create); develop DLP incident playbooks (Bloom: Create),Hard,"As data privacy regulations and cyber threats intensify, the capacity to design and enforce robust governance and security frameworks is critical for protecting sensitive information and maintaining trust.",,,,,,
C1_b61,61,Stakeholder Engagement and Technical Leadership,"Create effective technical solutions and strategies by synthesizing feedback from diverse stakeholders, providing technical guidance, and bridging business needs with technological possibilities to achieve project milestones.","[""engaging with stakeholders"", ""facilitate communication"", ""manage stakeholders"", ""bring technical leadership"", ""provide expertise"", ""coordination skills"", ""deliver complex projects"", ""provide technical guidance"", ""build effective relationships with stakeholders"", ""work in partnership"", ""team members are engaged throughout"", ""connect business outcomes with technology"", ""bridge business needs and technical solutions"", ""apply technical knowledge"", ""integrate technical possibilities"", ""Synthesize feedback from stakeholders into actionable systems"", ""provide product expertise"", ""achieve venture milestones"", ""work effectively in small team settings"", ""provide feedback to development teams"", ""assist the client in complying with the various"", ""articulate complex technical ideas"", ""partner with Tech PMO"", ""Serve as technical point person for corporate events"", ""guide concepts from idea to implementation"", ""enhance technical knowledge""]",engaging with stakeholders (Bloom: Apply); facilitate communication (Bloom: nan); manage stakeholders (Bloom: nan); bring technical leadership (Bloom: nan); provide expertise (Bloom: nan); coordination skills (Bloom: Apply); deliver complex projects (Bloom: nan); provide technical guidance (Bloom: nan); build effective relationships with stakeholders (Bloom: nan); work in partnership (Bloom: nan); team members are engaged throughout (Bloom: nan); connect business outcomes with technology (Bloom: nan); bridge business needs and technical solutions (Bloom: nan); apply technical knowledge (Bloom: Apply); integrate technical possibilities (Bloom: nan); Synthesize feedback from stakeholders into actionable systems (Bloom: Create); provide product expertise (Bloom: nan); achieve venture milestones (Bloom: nan); work effectively in small team settings (Bloom: nan); provide feedback to development teams (Bloom: nan); assist the client in complying with the various (Bloom: Apply); articulate complex technical ideas (Bloom: nan); partner with Tech PMO (Bloom: nan); Serve as technical point person for corporate events (Bloom: Evaluate); guide concepts from idea to implementation (Bloom: nan); enhance technical knowledge (Bloom: nan),Both,Effective communication and leadership are increasingly vital as technology becomes more integrated into business. The ability to translate technical concepts for non-technical stakeholders and guide projects from conception to delivery ensures successful innovation and adoption in future workplaces.,,,,,,
C2_b157,157,Drive Strategic Product and Initiative Transformation,Apply strategic thinking to drive transformative product outcomes and initiatives by identifying opportunities for real growth and unparalleled efficiency.,"[""drive transformative product"", ""drive transformative initiatives"", ""drive to"", ""drive the identification"", ""drive strategic value"", ""drive vision"", ""drive real growth"", ""drive unparalleled efficiency"", ""driven by"", ""drive product outcomes""]",drive transformative product (Bloom: Apply); drive transformative initiatives (Bloom: nan); drive to (Bloom: Apply); drive the identification (Bloom: Apply); drive strategic value (Bloom: nan); drive vision (Bloom: nan); drive real growth (Bloom: nan); drive unparalleled efficiency (Bloom: nan); driven by (Bloom: Apply); drive product outcomes (Bloom: nan),Both,"The future of work demands individuals who can not only execute but also envision and lead change. This competency is vital for fostering innovation, adapting to market shifts, and creating significant value in rapidly evolving technological landscapes, especially with the integration of AI and new business models.",,,,,,
C1_b166,166,Software Development and Maintenance Practices,"Create robust, high-quality software solutions by applying secure coding practices, enforcing coding standards, and maintaining comprehensive documentation to ensure efficient and user-friendly deployments.","[""assist in maintenance of production equipment"", ""maintain core systems"", ""write high-quality code"", ""Maintain up -to -date"", ""intuitive deployments."", ""maintain procedure notes"", ""deliver high-quality code"", ""support development"", ""create user-friendly solutions"", ""implement code"", ""maintain"", ""improve software delivery practices"", ""complete documentation"", ""engineer new software"", ""ensure software solutions are robust"", ""enforce coding standards"", ""upkeep of detailed documentation"", ""build code"", ""automated software delivery."", ""build software using patterns"", ""apply secure coding practices"", ""write product development code"", ""provide feedback on code"", ""code"", ""write software"", ""maintain automation scripts"", ""code reviews"", ""enhance developer experiences"", ""support delivery of features""]",assist in maintenance of production equipment (Bloom: Apply); maintain core systems (Bloom: Analyze); write high-quality code (Bloom: Create); Maintain up -to -date (Bloom: Analyze); intuitive deployments. (Bloom: Apply); maintain procedure notes (Bloom: Analyze); deliver high-quality code (Bloom: Apply); support development (Bloom: Create); create user-friendly solutions (Bloom: Create); implement code (Bloom: Apply); maintain (Bloom: Analyze); improve software delivery practices (Bloom: nan); complete documentation (Bloom: Apply); engineer new software (Bloom: Create); ensure software solutions are robust (Bloom: Analyze); enforce coding standards (Bloom: Apply); upkeep of detailed documentation (Bloom: Apply); build code (Bloom: Create); automated software delivery. (Bloom: Create); build software using patterns (Bloom: Create); apply secure coding practices (Bloom: Apply); write product development code (Bloom: Create); provide feedback on code (Bloom: nan); code (Bloom: Apply); write software (Bloom: Create); maintain automation scripts (Bloom: Analyze); code reviews (Bloom: Evaluate); enhance developer experiences (Bloom: Create); support delivery of features (Bloom: Evaluate),Both,"While routine coding and maintenance tasks are increasingly being automated, the ability to create and maintain robust, secure, and well-documented software remains foundational. Future roles will focus on higher-level design and integration, with automation handling much of the repetitive coding.",,,,,,
C2_b86,86,Implement and Monitor Server and Network Infrastructure,"Apply principles of server installation, network cabling (copper and fiber), and containment to install servers and associated infrastructure, and analyze system performance by installing and configuring monitoring and logging software.","[""install servers"", ""install monitoring software"", ""install logging software"", ""install copper"", ""install copper and fibre cabling"", ""install containment""]",install servers (Bloom: Apply); install monitoring software (Bloom: Analyze); install logging software (Bloom: Analyze); install copper (Bloom: ?); install copper and fibre cabling (Bloom: Apply); install containment (Bloom: Apply),Hard,"Proficiency in setting up and maintaining robust server and network infrastructure, including cloud-related cabling, is fundamental for supporting the increasing demands of data processing and cloud-based services.",,,,,,
C8_b143,143,Communicate and Escalate Issues Effectively,Apply effective communication strategies to ensure transparency and escalate unresolved or high-priority issues to clients and stakeholders.,"[""escalate unresolved issues"", ""escalate high priority alerts to clients by phone"", ""ensuring transparency""]",escalate unresolved issues (Bloom: nan); escalate high priority alerts to clients by phone (Bloom: nan); ensuring transparency (Bloom: Apply),Both,"Strong communication and issue resolution skills are increasingly important in collaborative, distributed work environments and for managing complex technical projects and client relationships.",,,,,,
C5_b115,115,Communicate and Collaborate with Stakeholders,"Communicate effectively with clients and stakeholders by sending clear, commented deliverables and managing inquiries to foster strong professional relationships and ensure project alignment.","[""send to clients with comments"", ""send spotlists to clients"", ""service inquiries"", ""sell complex""]",send to clients with comments (Bloom: Understand); send spotlists to clients (Bloom: nan); service inquiries (Bloom: nan); sell complex (Bloom: Apply),Both,"Effective communication remains a cornerstone of professional success, especially in complex technical fields. The ability to clearly convey information and manage client expectations is crucial for project success and adoption of new technologies.",,,,,,
C4_b32,32,Cultivate Adaptability and Resilience in Technology,"Evaluate and leverage personal and strategic strengths to embrace challenges and new opportunities, demonstrating a strong work ethic to scale systems sustainably and grow influence in technology.","[""embrace challenges"", ""tackle complex challenges"", ""demonstrate work ethic"", ""scale systems sustainably"", ""leverage strengths from strategy"", ""leverage strengths from engineering"", ""embrace new opportunities"", ""assess competency frameworks"", ""grow influence in technology""]",embrace challenges (Bloom: nan); tackle complex challenges (Bloom: nan); demonstrate work ethic (Bloom: nan); scale systems sustainably (Bloom: Apply); leverage strengths from strategy (Bloom: nan); leverage strengths from engineering (Bloom: Create); embrace new opportunities (Bloom: nan); assess competency frameworks (Bloom: nan); grow influence in technology (Bloom: nan),Both,"The rapidly evolving technological landscape demands professionals who are adaptable, resilient, and proactive in learning and applying new knowledge, making this competency vital for long-term career success.",,,,,,
C2_b124,124,Design and Create Secure Data Systems,Create systems to keep data secure and demonstrate understanding of Information Governance by designing structured analytic files and queries to ensure data integrity and compliance.,"[""create systems to keep data secure"", ""demonstrate understanding of Information Governance"", ""create structured analytic files"", ""create queries""]",create systems to keep data secure (Bloom: Create); demonstrate understanding of Information Governance (Bloom: Evaluate); create structured analytic files (Bloom: Create); create queries (Bloom: Create),Hard,"With the increasing volume and sensitivity of data, the ability to design and implement secure data systems is paramount. This competency addresses the growing need for data governance and protection in all industries.",,,,,,
C1_b110,110,Collaborate with AI for Content Generation and Evaluation,"Create and evaluate AI-generated content, including product pages, meta content, and blogs, by applying critical assessment criteria to ensure quality and relevance.","[""rank AI-generated product pages"", ""rank AI-generated meta content"", ""rank AI-generated blogs""]",rank AI-generated product pages (Bloom: Create); rank AI-generated meta content (Bloom: Create); rank AI-generated blogs (Bloom: Create),Hard,The ability to effectively collaborate with AI tools for content creation and curation is becoming essential. This competency prepares individuals to leverage AI for enhanced productivity and innovation in digital content strategies.,,,,,,
C2_b42,42,Lead and Manage Software Development Teams,"Lead and manage multi-functional agile teams by coaching individuals, building training plans, and overseeing project execution to deliver high-quality software products.","[""build training plans"", ""build trust with diverse teams"", ""coach others"", ""conduct skill assessments"", ""ensure accountability across teams"", ""influence business teams"", ""lead project"", ""leading team(s)"", ""manage Support Engineers"", ""manage staff"", ""meet organizational goals"", ""multi -functional agile team"", ""shape a world-class team"", ""support a team"", ""work with dynamic team""]",build training plans (Bloom: nan); build trust with diverse teams (Bloom: nan); coach others (Bloom: nan); conduct skill assessments (Bloom: nan); ensure accountability across teams (Bloom: nan); influence business teams (Bloom: nan); lead project (Bloom: nan); leading team(s) (Bloom: nan); manage Support Engineers (Bloom: nan); manage staff (Bloom: Apply); meet organizational goals (Bloom: nan); multi -functional agile team (Bloom: nan); shape a world-class team (Bloom: nan); support a team (Bloom: nan); work with dynamic team (Bloom: nan),Both,"Effective leadership and team management are essential for navigating complex software development projects and fostering collaborative environments, especially with the rise of distributed teams and agile methodologies.",,,,,,
C4_b91,91,Manage Procurement and Process Rollout,"Apply project management methodologies to manage procurement activities, including contract administration, and oversee the rollout of new processes.","[""manage procurement contracts administration"", ""manage procurement"", ""manage process rollout activities""]",manage procurement contracts administration (Bloom: Apply); manage procurement (Bloom: Apply); manage process rollout activities (Bloom: nan),Both,"Efficient procurement and process implementation are essential for organizational agility and resource optimization, supporting rapid adaptation to market changes and technological advancements.",,,,,,
C2_b147,147,Develop and Integrate Cloud-Native Microservices,"Apply principles of cloud computing to implement robust REST-based microservices, enabling scalable and distributed application architectures.","[""implementing REST based micro services""]",implementing REST based micro services (Bloom: Apply),Hard,"Cloud-native development and microservices are foundational for modern, scalable, and resilient applications. Proficiency in this area is essential for building future-proof systems in cloud environments.",,,,,,
C2_b16,16,Lead Digital Design for Enhanced User Experience,"Lead the digital design process, specifically focusing on UX/UI, to ensure the creation of intuitive and effective user experiences across various software applications and platforms.","[""lead digital design UX/UI""]",lead digital design UX/UI (Bloom: nan),Soft,"As digital products become more pervasive, leadership in UX/UI design is essential for creating competitive and user-friendly solutions. This skill is vital for driving innovation and user adoption in the evolving digital landscape.",,,,,,
C7_b137,137,Quality Assurance and Audit Support,Assist with scheduled tests and audits to ensure product quality and compliance with established standards.,"[""assist with scheduled tests"", ""assist with audits""]",assist with scheduled tests (Bloom: nan); assist with audits (Bloom: nan),Soft,Maintaining high standards of quality and compliance through rigorous testing and auditing is essential for building trust and ensuring the reliability of software and systems.,,,,,,
C6_b25,25,AI Frameworks and Autonomous Workflows,Apply knowledge of current Generative AI frameworks to maintain an inventory of AI models and work autonomously within AI-driven environments.,"[""stay current with Gen AI frameworks"", ""maintain inventory of AI models"", ""Work in an autonomous""]",stay current with Gen AI frameworks (Bloom: Apply); maintain inventory of AI models (Bloom: Create); Work in an autonomous (Bloom: Apply),Hard,"Staying abreast of rapidly evolving AI frameworks, especially Generative AI, and adapting to autonomous work environments are key for innovation and efficiency in future AI-centric workplaces.",,,,,,
C1_b76,76,Develop Secure and Reliable Systems,"Create robust systems that protect data against unauthorized access and loss, ensuring high reliability and minimizing downtime through the application of security best practices and fault-tolerant design.","[""protect data"", ""protecting the company’s global security posture"", ""protect data against unauthorised access"", ""protect data against loss"", ""minimize downtime"", ""maximize reliability of system output""]",protect data (Bloom: Apply); protecting the company’s global security posture (Bloom: Apply); protect data against unauthorised access (Bloom: Create); protect data against loss (Bloom: Apply); minimize downtime (Bloom: Apply); maximize reliability of system output (Bloom: Apply),Hard,"This competency is crucial for building trustworthy digital infrastructure, which is increasingly vital as cyber threats evolve and data privacy regulations become stricter. It underpins the stability and integrity of all digital services.",,,,,,
C2_b146,146,Develop and Optimize Data Integration Pipelines,"Apply knowledge of data integration techniques to implement batch data pipelines and integrate with platforms like Salesforce, ensuring efficient and reliable data flow.","[""implement batch integration with Salesforce"", ""implement batch data pipelines""]",implement batch integration with Salesforce (Bloom: Apply); implement batch data pipelines (Bloom: Apply),Hard,"With the increasing volume and variety of data, the ability to build and manage robust data pipelines is essential for data-driven decision-making and AI/ML initiatives. This competency supports the growing demand for data engineers.",,,,,,
C6_b30,30,Adapt and Thrive in Dynamic Development Environments,"Thrive in fast-paced, structured, and creative development environments by demonstrating resilience and adaptability to achieve long-term change and support digital transformation roadmaps.","[""thrive in structured environments"", ""grow in a fast-paced development environment"", ""live balanced lives"", ""thrive in a fast -paced"", ""thrive in a vibrant"", ""thrives in a creative"", ""achieve long-term change"", ""support digital transformation roadmap"", ""retaining talented individuals""]",thrive in structured environments (Bloom: nan); grow in a fast-paced development environment (Bloom: nan); live balanced lives (Bloom: nan); thrive in a fast -paced (Bloom: Apply); thrive in a vibrant (Bloom: Apply); thrives in a creative (Bloom: Apply); achieve long-term change (Bloom: nan); support digital transformation roadmap (Bloom: nan); retaining talented individuals (Bloom: Apply),Both,"The rapid pace of technological change demands professionals who are adaptable, resilient, and capable of continuous learning and growth within dynamic work settings, contributing to successful digital transformations.",,,,,,
C2_b31,31,Develop and Optimize Advanced Data Analytics Systems,"Evaluate and implement robust Digital/Data and IT Strategies by analyzing complex data, maintaining real-time analytics solutions, scaling enterprise data warehouses, and improving data pipelines using tools like Databricks.","[""implement Digital/Data and IT Strategies"", ""analyze data"", ""maintain real-time analytics solutions"", ""scale enterprise Data Warehouse"", ""high -performance analytics"", ""tackle complex data challenges"", ""driving the organization's data strategy"", ""work with Databricks"", ""improve data pipeline"", ""lead data governance efforts"", ""lead Data Governance""]",implement Digital/Data and IT Strategies (Bloom: Evaluate); analyze data (Bloom: Analyze); maintain real-time analytics solutions (Bloom: Analyze); scale enterprise Data Warehouse (Bloom: Apply); high -performance analytics (Bloom: Apply); tackle complex data challenges (Bloom: nan); driving the organization's data strategy (Bloom: Evaluate); work with Databricks (Bloom: Apply); improve data pipeline (Bloom: Create); lead data governance efforts (Bloom: nan); lead Data Governance (Bloom: nan),Both,"Big Data & Analytics is a domain with strong growth, and proficiency in developing and optimizing data systems is essential for informed decision-making and leveraging data as a strategic asset.",,,,,,
C3_b56,56,Frontend Development and Technical Implementation,Create robust and user-centric frontend solutions by applying technical skills to translate requirements into deployments and ensure effective technical implementation.,"[""develop frontend skills"", ""leverage your technical skills"", ""translate requirements into deployments"", ""technical implementation.""]",develop frontend skills (Bloom: Create); leverage your technical skills (Bloom: Apply); translate requirements into deployments (Bloom: Apply); technical implementation. (Bloom: Apply),Hard,"Frontend development remains a critical component of user experience and digital product success. The demand for skilled developers who can effectively translate design into functional interfaces will continue to grow, especially with advancements in web technologies and interactive experiences.",,,,,,
C3_b114,114,Advanced User Enablement and Support,"Evaluate and implement comprehensive end-user enablement strategies by developing documentation and training programs, including those for emerging technologies like LLMs, to ensure effective adoption and utilization.","[""support end-user enablement through documentation"", ""support end-user enablement through training"", ""stay current with LLMs""]",support end-user enablement through documentation (Bloom: nan); support end-user enablement through training (Bloom: nan); stay current with LLMs (Bloom: Apply),Both,"With the rapid introduction of new AI tools and complex software, effective user enablement is critical for maximizing technology adoption and productivity. This competency directly addresses the need to support users in leveraging advanced systems, including Large Language Models.",,,,,,
C2_b169,169,Adaptive Software Development and Technology Integration,"Modernize complex applications and component-driven front-ends by embracing evolving technologies, picking up new frameworks, and developing custom frameworks to enhance design maturity and maintain relevance.","[""embrace evolving technologies"", ""modernize complex applications"", ""modernise component driven front-ends"", ""pick up new frameworks"", ""enhance design maturity"", ""develop frameworks"", ""keeping abreast of new developments""]",embrace evolving technologies (Bloom: nan); modernize complex applications (Bloom: Apply); modernise component driven front-ends (Bloom: Apply); pick up new frameworks (Bloom: nan); enhance design maturity (Bloom: nan); develop frameworks (Bloom: Create); keeping abreast of new developments (Bloom: Create),Both,"The rapid pace of technological change necessitates continuous learning and adaptation. This competency ensures professionals can integrate new tools and methodologies, crucial for maintaining competitive advantage and innovation.",,,,,,
C1_b20,20,Develop Scalable Decentralized Applications (DApps),Create scalable decentralized applications (DApps) by applying principles of distributed systems and implementing secure smart contracts to meet specified functional and non-functional requirements.,"[""develop decentralized applications"", ""understand distributed systems"", ""smart contracts."", ""scalable decentralized applications (DApps)""]",develop decentralized applications (Bloom: Create); understand distributed systems (Bloom: Apply); smart contracts. (Bloom: Apply); scalable decentralized applications (DApps) (Bloom: Apply),Hard,"Decentralized applications and distributed systems are foundational to emerging technologies like blockchain and Web3. Proficiency in this area is crucial for building secure, transparent, and resilient digital infrastructures of the future.",,,,,,
C2_b17,17,Maintain and Optimize Automation Technologies,"Maintain and optimize existing robotic process automations and related automation technologies by analyzing performance, troubleshooting issues, and applying continuous improvements to ensure their ongoing effectiveness and reliability.","[""maintain robotic process automations"", ""automation technologies"", ""work in the Automation field""]",maintain robotic process automations (Bloom: Analyze); automation technologies (Bloom: Analyze); work in the Automation field (Bloom: Apply),Hard,"As automation becomes more pervasive, the ability to maintain and optimize these systems will be vital for ensuring business continuity and maximizing the return on investment in automation technologies.",,,,,,
C4_b105,105,Adaptive Response and Resilience,Respond effectively to complex situations and changes in priorities by demonstrating resilience and respecting individual strengths and weaknesses.,"[""respond to complex situations"", ""respond to changes in priorities"", ""respect weaknesses""]",respond to complex situations (Bloom: Apply); respond to changes in priorities (Bloom: nan); respect weaknesses (Bloom: nan),Both,"Adaptability and resilience are critical for navigating rapid technological advancements and evolving business landscapes, enabling individuals to thrive amidst uncertainty.",,,,,,
C1_b19,19,Database Ecosystem Management and Optimization,"Lead the development and implementation of processes for managing and integrating diverse database systems, ensuring high-performing and secure data ecosystems by analyzing infrastructure requirements and administering various database types.","[""administer databases"", ""manage database infrastructure"", ""lead the development of processes for database management"", ""lead the implementation of processes for database management"", ""integrate databases"", ""software systems."", ""manage systems administration"", ""data collection tools."", ""deliver high-performing database environments"", ""administer SQL databases"", ""ensure their data ecosystems""]",administer databases (Bloom: Apply); manage database infrastructure (Bloom: Analyze); lead the development of processes for database management (Bloom: Create); lead the implementation of processes for database management (Bloom: Apply); integrate databases (Bloom: Create); software systems. (Bloom: Apply); manage systems administration (Bloom: Apply); data collection tools. (Bloom: Apply); deliver high-performing database environments (Bloom: Apply); administer SQL databases (Bloom: Apply); ensure their data ecosystems (Bloom: Analyze),Hard,"Effective database management is crucial for handling the ever-increasing volume and complexity of data in modern applications. This competency ensures data integrity, accessibility, and performance, which are foundational for AI, analytics, and cloud-based solutions.",,,,,,
C1_b13,13,Game Development Vision and Innovation,Create innovative and engaging game concepts by integrating emerging technologies and market trends to shape the future of gaming experiences.,"[""shape the future of gaming""]",shape the future of gaming (Bloom: nan),Soft,"This competency is crucial for driving innovation in the rapidly evolving game development industry, ensuring graduates can contribute to and lead the creation of next-generation interactive experiences. It emphasizes forward-thinking and adaptability to new technologies.",,,,,,
C1_b141,141,Analyze System Robustness and Scalability,"Analyze system architectures and designs to ensure scalability of platforms, robustness of material database systems, and healthy risk management processes by evaluating existing structures and identifying potential vulnerabilities or bottlenecks.","[""ensure scalability of platform"", ""ensure robustness of material database system"", ""ensure robust pipelines"", ""ensure robust analytics foundations"", ""ensure risk management processes remain healthy""]",ensure scalability of platform (Bloom: Analyze); ensure robustness of material database system (Bloom: Analyze); ensure robust pipelines (Bloom: Analyze); ensure robust analytics foundations (Bloom: Analyze); ensure risk management processes remain healthy (Bloom: Analyze),Hard,"As systems become more complex and data-intensive, the ability to analyze and ensure their robustness and scalability is crucial for maintaining performance and preventing failures. This competency is vital for future-proof system design and operations.",,,,,,
C1_b10,10,Develop Software Applications,Create functional and robust software applications by applying established software development methodologies and programming best practices.,"[""develop software applications""]",develop software applications (Bloom: Create),Hard,"This competency is fundamental to the software industry and will remain critical as technology continues to evolve, requiring continuous development of new applications and systems.",,,,,,
C3_b39,39,Create Immersive Game Experiences and Training Content,"Create immersive game experiences and training content by leading the development of interactive media, building 3D first-person adventure games, and pushing the boundaries of immersive gameplay.","[""lead immersive training content development"", ""build 3D first-person adventure game"", ""push boundaries of immersive gameplay""]",lead immersive training content development (Bloom: Create); build 3D first-person adventure game (Bloom: Create); push boundaries of immersive gameplay (Bloom: nan),Both,"As virtual and augmented reality technologies advance, the demand for skilled professionals who can design and develop engaging immersive experiences for entertainment and education will continue to grow significantly.",,,,,,
C2_b125,125,Design and Implement Accessible Digital Products and Services,Create accessible digital products and services by integrating inclusive design principles to ensure usability for a diverse range of users.,"[""create accessible services"", ""create accessible products""]",create accessible services (Bloom: Create); create accessible products (Bloom: Create),Hard,"Accessibility is a growing legal and ethical requirement in software development, ensuring that technology serves all individuals. This competency supports broader market reach and compliance with evolving digital inclusion standards.",,,,,,
C1_b79,79,Deploy and Monitor Cloud-Based Systems,Perform deployment and operational monitoring of software systems within cloud environments by applying networking tasks and prioritizing requests to ensure system availability and performance.,"[""perform deployment"", ""perform operational monitoring"", ""perform networking tasks"", ""prioritize requests""]",perform deployment (Bloom: Apply); perform operational monitoring (Bloom: Analyze); perform networking tasks (Bloom: Apply); prioritize requests (Bloom: nan),Both,"Cloud computing is a strong growth area, and the ability to deploy and monitor systems in these environments is crucial for modern software development and operations. This competency ensures systems are robust and performant in scalable infrastructures.",,,,,,
C1_b102,102,Analyze and Utilize Diagnostic Tools for System Troubleshooting,"Analyze system behavior and diagnose issues by effectively utilizing a range of diagnostic tools such as logic analyzers, oscilloscopes, and protocol sniffers to identify root causes and inform corrective actions.","[""use logic analyzers"", ""use oscilloscopes"", ""use protocol sniffers""]",use logic analyzers (Bloom: Analyze); use oscilloscopes (Bloom: Apply); use protocol sniffers (Bloom: Apply),Hard,"Proficiency in diagnostic tools is crucial for maintaining complex systems and ensuring operational efficiency, especially as systems become more integrated and distributed. This skill supports robust cybersecurity and infrastructure management.",,,,,,
C1_b57,57,Collaborative Technical Solution Development,"Create technical solutions by performing hands-on development and collaborating effectively with diverse stakeholders, project teams, and networking teams to ensure successful implementation and engagement.","[""ensure stakeholders are engaged"", ""technical solutions."", ""work with project team"", ""collaborate with stakeholder leadership"", ""perform hands-on development"", ""work with networking teams"", ""collaborative environment"", ""working closely with the wider networking team"", ""engage key stakeholders."", ""work collaboratively with government sectors"", ""use technical solutions"", ""impact team engagement""]",ensure stakeholders are engaged (Bloom: nan); technical solutions. (Bloom: Apply); work with project team (Bloom: nan); collaborate with stakeholder leadership (Bloom: nan); perform hands-on development (Bloom: Create); work with networking teams (Bloom: nan); collaborative environment (Bloom: Apply); working closely with the wider networking team (Bloom: nan); engage key stakeholders. (Bloom: Apply); work collaboratively with government sectors (Bloom: nan); use technical solutions (Bloom: Apply); impact team engagement (Bloom: nan),Both,"Effective collaboration and communication are increasingly vital in complex technical environments, especially with the rise of distributed teams and interdisciplinary projects. This competency ensures individuals can integrate their technical skills within a broader organizational context.",,,,,,
C7_b43,43,Administer and Optimize Database Environments,"Manage Oracle-based data environments to ensure efficient data storage, retrieval, and system performance.","[""manage Oracle-based data environments""]",manage Oracle-based data environments (Bloom: Apply),Hard,"Database administration remains a foundational skill for managing the vast amounts of data generated by modern applications, ensuring data integrity and availability for business operations.",,,,,,
C6_b83,83,Cultivate a Continuous Learning and Adaptive Mindset,"Apply a -Driven Mindset to actively participate in continuous learning, adapting to new technologies and methodologies.","[""participate in continuous learning"", ""-Driven Mindset""]",participate in continuous learning (Bloom: nan); -Driven Mindset (Bloom: Apply),Both,The rapid pace of technological change necessitates a strong commitment to continuous learning and adaptability. This competency is fundamental for career longevity and relevance in any future industry.,,,,,,
C1_b66,66,Evaluate and Implement IT Strategies with Stakeholder Collaboration,"Evaluate IT Strategies and emerging technologies to support innovative solutions, and implement enterprise-wide planning solutions by collaborating effectively with clients, stakeholders, and junior staff.","[""IT Strategies"", ""travel for customer workshops"", ""move customers from middleware technologies to SAP Integration Suite"", ""engage with clients"", ""specialize in Dynamics 365"", ""build rapport"", ""contribute to engineering projects"", ""provide guidance in research design"", ""Work closely with Solution Architects"", ""guide junior staff"", ""assist with procurement"", ""adopt Public Sector Unified I &IT Project Methodology"", ""communicate complex ideas"", ""clients with clarity"", ""collaborate with the public"", ""support innovative solutions"", ""research emerging technologies"", ""lead initiatives to digitize material workflows"", ""relay critical information between stakeholders"", ""support tender submissions"", ""scale global communications efforts"", ""assist in production setup"", ""collaborate with customers"", ""design and develop ETL solutions"", ""engage with internal stakeholders"", ""Working closely with contractors"", ""lead implementation of enterprise-wide planning solutions"", ""work closely with traders"", ""work with community"", ""collaborate with product management""]",IT Strategies (Bloom: Evaluate); travel for customer workshops (Bloom: nan); move customers from middleware technologies to SAP Integration Suite (Bloom: Analyze); engage with clients (Bloom: nan); specialize in Dynamics 365 (Bloom: Apply); build rapport (Bloom: nan); contribute to engineering projects (Bloom: Create); provide guidance in research design (Bloom: nan); Work closely with Solution Architects (Bloom: Create); guide junior staff (Bloom: nan); assist with procurement (Bloom: nan); adopt Public Sector Unified I &IT Project Methodology (Bloom: Analyze); communicate complex ideas (Bloom: Apply); clients with clarity (Bloom: Apply); collaborate with the public (Bloom: nan); support innovative solutions (Bloom: Evaluate); research emerging technologies (Bloom: Analyze); lead initiatives to digitize material workflows (Bloom: nan); relay critical information between stakeholders (Bloom: nan); support tender submissions (Bloom: nan); scale global communications efforts (Bloom: nan); assist in production setup (Bloom: Apply); collaborate with customers (Bloom: nan); design and develop ETL solutions (Bloom: Create); engage with internal stakeholders (Bloom: nan); Working closely with contractors (Bloom: Apply); lead implementation of enterprise-wide planning solutions (Bloom: Create); work closely with traders (Bloom: nan); work with community (Bloom: nan); collaborate with product management (Bloom: nan),Both,This competency is crucial for navigating complex technological landscapes and ensuring successful project delivery. Effective collaboration and strategic evaluation are increasingly vital as IT solutions become more integrated and require diverse stakeholder input.,,,,,,
C3_b46,46,Analyze Business Requirements and Design User-Centric Solutions,"Analyze project constraints and integrate business needs to advocate for user experience, delivering design solutions and schemes that meet functional requirements.","[""integrate business needs"", ""advocate for user experience"", ""design real-time integration with Salesforce"", ""deliver design solutions"", ""design schemes"", ""analyze project constraints"", ""document functional requirements"", ""prepare case studies""]",integrate business needs (Bloom: nan); advocate for user experience (Bloom: nan); design real-time integration with Salesforce (Bloom: Create); deliver design solutions (Bloom: Create); design schemes (Bloom: Create); analyze project constraints (Bloom: Analyze); document functional requirements (Bloom: Apply); prepare case studies (Bloom: nan),Both,"Understanding user needs and translating them into effective design is paramount in a competitive digital landscape, ensuring products are intuitive and valuable to end-users.",,,,,,
C1_b3,3,Cybersecurity Program Evaluation and Enhancement,Evaluate the effectiveness of cybersecurity programs and implement enhancements by analyzing risk registers and building robust solutions to improve organizational security posture.,"[""measure the effectiveness of cybersecurity programs"", ""maintain cybersecurity risk register"", ""build cybersecurity solutions"", ""implement cybersecurity"", ""enhance cybersecurity awareness"", ""support cybersecurity operations""]",measure the effectiveness of cybersecurity programs (Bloom: Create); maintain cybersecurity risk register (Bloom: Analyze); build cybersecurity solutions (Bloom: Create); implement cybersecurity (Bloom: Apply); enhance cybersecurity awareness (Bloom: nan); support cybersecurity operations (Bloom: Evaluate),Both,"This competency is crucial as organizations increasingly face sophisticated cyber threats. The ability to proactively assess, implement, and improve cybersecurity measures is vital for protecting digital assets and ensuring business continuity in the future digital landscape.",,,,,,
C6_b97,97,Creative Production and Event Support,"Create dynamic content and provide technical support for live events, responding to real-time cues from producers.","[""taking cues from the event producers.""]",taking cues from the event producers. (Bloom: Create),Hard,"The demand for interactive and engaging digital experiences is growing, making skills in creative production and event support relevant for virtual reality, augmented reality, and live streaming platforms.",,,,,,
C4_b154,154,Align Technical Solutions with Business Objectives,"Analyze and align technical implementations, product rules, and configurations with business goals, regulatory standards, and operational accuracy to achieve strategic outcomes.","[""ensure alignment between business goals and technical implementation"", ""ensure alignment between creative vision"", ""ensure alignment of product rules with regulatory standards"", ""ensure alignment with business objectives"", ""ensure alignment of product rules with operational accuracy"", ""ensure alignment of configurations with business objectives"", ""ensure alignment of product rules with business objectives"", ""ensure alignment of configurations with regulatory standards"", ""ensure alignment of configurations with operational accuracy""]",ensure alignment between business goals and technical implementation (Bloom: nan); ensure alignment between creative vision (Bloom: Analyze); ensure alignment of product rules with regulatory standards (Bloom: nan); ensure alignment with business objectives (Bloom: nan); ensure alignment of product rules with operational accuracy (Bloom: nan); ensure alignment of configurations with business objectives (Bloom: nan); ensure alignment of product rules with business objectives (Bloom: nan); ensure alignment of configurations with regulatory standards (Bloom: nan); ensure alignment of configurations with operational accuracy (Bloom: nan),Both,The ability to bridge the gap between technical execution and business strategy is increasingly critical for driving value from technology investments and ensuring that development efforts contribute directly to organizational success.,,,,,,
C8_b119,119,Conduct Advanced Simulation and Modeling,"Create advanced simulations, such as Finite Element Analysis, to model complex systems and predict behavior under various conditions.","[""conduct Finite Element Analysis Simulation""]",conduct Finite Element Analysis Simulation (Bloom: Create),Hard,"Simulation and modeling are increasingly used in engineering and design to optimize products and processes, reduce development costs, and accelerate innovation across various industries.",,,,,,
C5_b99,99,Client and Stakeholder Engagement,"Apply effective communication and collaboration strategies to work with clients and adults, ensuring clear understanding and successful project outcomes.","[""the client"", ""work with client"", ""work with adults""]",the client (Bloom: Apply); work with client (Bloom: nan); work with adults (Bloom: nan),Both,"Strong interpersonal and client management skills remain indispensable in any professional setting, especially in technology where collaboration and understanding user needs are key to successful product development and adoption.",,,,,,
C4_b52,52,Automated Testing and Quality Assurance Implementation,Implement unit tests and develop Appium automation scripts to ensure the quality and reliability of software applications through systematic testing processes.,"[""implement unit tests"", ""develop Appium automation scripts""]",implement unit tests (Bloom: Evaluate); develop Appium automation scripts (Bloom: Create),Hard,"Automation in testing is critical for efficient and high-quality software delivery in agile environments. This competency supports the development of robust and error-free applications, which is essential for maintaining user trust and system integrity.",,,,,,
C1_b27,27,AI/ML System Integration and Optimization,"Evaluate and fine-tune generative AI capabilities, integrate AI solutions, and implement observability for AI/ML systems to ensure optimal performance and reliability.","[""shape AI integration"", ""fine-tune generative AI capabilities"", ""implement observability for AI/ML systems""]",shape AI integration (Bloom: Apply); fine-tune generative AI capabilities (Bloom: Evaluate); implement observability for AI/ML systems (Bloom: Apply),Hard,"As AI becomes ubiquitous, the ability to effectively integrate, optimize, and monitor AI/ML systems is crucial for developing intelligent applications and maintaining their performance in real-world scenarios.",,,,,,
C3_b149,149,Data-Driven Hypothesis Generation and Strategy,"Analyze data to identify hypotheses and ideate on data-sharing strategies, leveraging insights to drive innovation and improve system performance.","[""identify hypothesis"", ""ideate on data-sharing strategies"", ""harness data""]",identify hypothesis (Bloom: Analyze); ideate on data-sharing strategies (Bloom: nan); harness data (Bloom: Apply),Both,"As data becomes increasingly central to decision-making, the ability to formulate hypotheses from data and strategize data sharing is vital for developing intelligent systems and fostering data-driven cultures.",,,,,,
C3_b133,133,Develop E-commerce Platform Solutions,"Create custom applications and themes for e-commerce platforms like Shopify to extend functionality and enhance user experience, meeting specific business requirements.","[""build custom Shopify apps"", ""build custom Shopify themes""]",build custom Shopify apps (Bloom: Create); build custom Shopify themes (Bloom: Create),Hard,The digital economy relies heavily on e-commerce platforms. The ability to customize and extend these platforms is vital for businesses to maintain a competitive edge and adapt to changing market demands.,,,,,,
C6_b101,101,Apply Foundational Computer and Financial System Concepts,Apply foundational knowledge of computer operations and complex financial systems to support software development and data processing tasks.,"[""working with computer"", ""working with complex financial""]",working with computer (Bloom: Apply); working with complex financial (Bloom: Apply),Hard,"A basic understanding of computer systems and domain-specific knowledge, such as financial concepts, remains important for developing relevant and effective software solutions, particularly in specialized industries like FinTech.",,,,,,
C4_b68,68,Client-Centric Service Delivery and Empowerment,"Apply technical depth and a client-centric approach to deliver automated customer experiences and empower businesses with technology, meeting diverse client needs.","[""working with a diverse portfolio of clients"", ""meet client needs"", ""technical depth"", ""empower businesses with technology"", ""deliver automated customer experiences""]",working with a diverse portfolio of clients (Bloom: Apply); meet client needs (Bloom: nan); technical depth (Bloom: Apply); empower businesses with technology (Bloom: nan); deliver automated customer experiences (Bloom: Create),Both,"Focusing on client needs and leveraging automation for customer experiences will be key differentiators in a service-oriented economy, driven by AI and digital transformation.",,,,,,
C4_b37,37,Analyze Market Data for Digital Product Strategy,Analyze communications market data and integrate market context to inform strategic decisions for digital platforms and product development.,"[""analyze communications market data"", ""integrate market context""]",analyze communications market data (Bloom: nan); integrate market context (Bloom: nan),Soft,Data-driven decision-making is crucial for navigating competitive digital markets. The ability to analyze market trends and user behavior will be essential for developing successful and relevant digital products.,,,,,,
C3_b126,126,Cross-Functional Collaboration and Insight Delivery,Deliver actionable insights and adoption programs by engaging in cross-functional collaboration and effectively communicating ASW strategy.,"[""deliver adoption programs"", ""deliver actionable insights"", ""deliver ASW strategy"", ""cross -functional""]",deliver adoption programs (Bloom: nan); deliver actionable insights (Bloom: nan); deliver ASW strategy (Bloom: nan); cross -functional (Bloom: Apply),Both,Complex projects in the future of work will increasingly require interdisciplinary teams. The ability to collaborate across functions and translate data into actionable insights is vital for informed decision-making and successful implementation of new technologies and strategies.,,,,,,
C6_b23,23,Creating Content with AI Tools,"Create diverse content using AI tools, demonstrating proficiency in generative AI capabilities for various applications.","[""create content using AI tools""]",create content using AI tools (Bloom: Create),Hard,"Generative AI is transforming content creation across many industries. This competency equips individuals with the skills to utilize these powerful tools, making them adaptable to new creative and marketing roles.",,,,,,
C2_b142,142,Analyze and Optimize System Resilience and Responsiveness,"Analyze and optimize system resilience and responsiveness by evaluating operational efficiency, identifying areas for improvement in code scalability, and ensuring robust access to critical resources.","[""ensure responsiveness"", ""ensure resilient access to funding markets"", ""ensure scalable code"", ""ensure operational efficiency""]",ensure responsiveness (Bloom: Analyze); ensure resilient access to funding markets (Bloom: Analyze); ensure scalable code (Bloom: Analyze); ensure operational efficiency (Bloom: nan),Both,"In a rapidly changing technological landscape, the ability to build and maintain resilient and responsive systems is paramount. This ensures continuous operation and adaptability to new challenges and demands.",,,,,,
C6_b96,96,Interpret and Apply Business Intelligence for Reporting,Apply Business Intelligence (BI) tools to generate reports and extract insights from data to support business decision-making.,"[""use BI tools for reports""]",use BI tools for reports (Bloom: Apply),Hard,Data-driven decision-making is fundamental across industries. The ability to use BI tools to create meaningful reports is crucial for translating data into actionable strategies.,,,,,,
C1_b67,67,Collaborative Technical Leadership and Communication,"Influence technical direction and drive modernization efforts by effectively communicating complex issues, collaborating with diverse teams and stakeholders, and ensuring transparency across projects.","[""work with other consultants"", ""contribute to documentation"", ""collaborate on integration of applications"", ""triaging land advice enquiries to other colleagues"", ""influencer of technology"", ""realise full potential of writers"", ""prioritise technical excellence"", ""support development of new insights"", ""work with WiFi teams"", ""ensure transparency across teams"", ""collaborating with product"", ""communicate effectively"", ""influence technical direction"", ""communicate complex issues orally"", ""ensure effective communication"", ""work with partners"", ""lead product designers""]",work with other consultants (Bloom: nan); contribute to documentation (Bloom: nan); collaborate on integration of applications (Bloom: nan); triaging land advice enquiries to other colleagues (Bloom: Apply); influencer of technology (Bloom: Analyze); realise full potential of writers (Bloom: nan); prioritise technical excellence (Bloom: nan); support development of new insights (Bloom: nan); work with WiFi teams (Bloom: nan); ensure transparency across teams (Bloom: nan); collaborating with product (Bloom: Apply); communicate effectively (Bloom: nan); influence technical direction (Bloom: nan); communicate complex issues orally (Bloom: nan); ensure effective communication (Bloom: nan); work with partners (Bloom: Apply); lead product designers (Bloom: nan),Both,"Effective communication and collaboration are increasingly vital in complex, interdisciplinary technical environments, especially with the rise of distributed teams and specialized AI/ML roles. Influencing technical direction is key to adopting new, future-critical technologies.",,,,,,
C2_b161,161,Technical Problem Solving and System Maintenance,"Analyze and debug code, maintain full-stack solutions, and assist in diagnosing system issues by applying best practices to address complex technical problems and ensure system compliance.","[""following standard scripts"", ""oversee daily operation of building systems"", ""assisting in SAP or systems’ issues’ diagnosis"", ""maintain full-stack solutions"", ""work on exciting projects"", ""debug code"", ""best practices"", ""address complex technical problems"", ""complete basic-intermediate client support requests/queries"", ""maintain compliance""]",following standard scripts (Bloom: Apply); oversee daily operation of building systems (Bloom: Create); assisting in SAP or systems’ issues’ diagnosis (Bloom: Apply); maintain full-stack solutions (Bloom: Analyze); work on exciting projects (Bloom: nan); debug code (Bloom: Analyze); best practices (Bloom: Apply); address complex technical problems (Bloom: nan); complete basic-intermediate client support requests/queries (Bloom: nan); maintain compliance (Bloom: nan),Both,"Even with increasing automation, the ability to diagnose and resolve complex technical issues, debug code, and maintain system integrity will remain essential. Human expertise will be needed for non-routine problems and for overseeing automated maintenance systems.",,,,,,
C1_b12,12,Sustainable Software Engineering Practices,Integrate sustainable engineering principles into software development lifecycles by evaluating environmental impacts and implementing resource-efficient solutions to contribute to a sustainable future.,"[""enable sustainable engineering"", ""enable a sustainable future""]",enable sustainable engineering (Bloom: nan); enable a sustainable future (Bloom: nan),Soft,"As environmental concerns grow, the ability to develop software and systems that are energy-efficient and environmentally responsible will become increasingly critical. This competency ensures graduates can contribute to green technology initiatives.",,,,,,
C1_b70,70,Develop and Deliver End-to-End Solutions,Create credible and impactful end-to-end solutions by identifying opportunities for standardization and effectively managing project delivery from conception to completion.,"[""Develop credible"", ""identify opportunities to standardise approaches"", ""ship impactful work"", ""deliver end-to-end solutions"", ""deliver solutions""]",Develop credible (Bloom: Create); identify opportunities to standardise approaches (Bloom: nan); ship impactful work (Bloom: nan); deliver end-to-end solutions (Bloom: Apply); deliver solutions (Bloom: Apply),Both,"The ability to deliver complete, impactful solutions is crucial for driving innovation and efficiency in rapidly evolving technological landscapes, ensuring projects meet market demands and organizational goals.",,,,,,
C1_b164,164,Software Quality Assurance and Engineering Practices,"Analyze software quality by applying linting tools and ensuring adherence to established design and engineering practices, thereby contributing to the delivery of high-quality, maintainable code.","[""ensure adherence to design practices"", ""ensure adherence to engineering practices"", ""ensure code quality through linting tools"", ""Ensure code quality"", ""ensure code quality"", ""deploying high -quality code"", ""delivering quality software.""]",ensure adherence to design practices (Bloom: nan); ensure adherence to engineering practices (Bloom: nan); ensure code quality through linting tools (Bloom: Analyze); Ensure code quality (Bloom: Analyze); ensure code quality (Bloom: Analyze); deploying high -quality code (Bloom: Apply); delivering quality software. (Bloom: Apply),Both,"While routine maintenance coding is declining, the fundamental principles of ensuring software quality and adhering to engineering best practices remain crucial for developing robust and reliable systems, especially as software complexity increases.",,,,,,
C1_b7,7,Apply Foundational Digital and AI Tools,Apply foundational computer skills and emerging AI tools to solve practical problems and enhance productivity in a professional context.,"[""computer skills""]",computer skills (Bloom: Apply),Hard,Proficiency in fundamental computer operations combined with the ability to leverage AI tools is becoming essential for navigating the evolving digital workplace and improving efficiency across various industries.,,,,,,
C6_b28,28,Demonstrate Professionalism and Adaptability,"Exhibit a strong work ethic and appreciate individual strengths, demonstrating resilience and adaptability in professional environments.","[""appreciate strengths"", ""work ethic."", ""work ethic""]",appreciate strengths (Bloom: nan); work ethic. (Bloom: nan); work ethic (Bloom: nan),Soft,"Soft skills like work ethic and adaptability are increasingly valued in dynamic work environments, complementing technical expertise and fostering successful team collaboration and personal growth.",,,,,,
C3_b116,116,Collaborate and Communicate Effectively,"Collaborate and communicate effectively by soliciting feedback, sharing processes, and articulating perspectives clearly to foster team cohesion and achieve shared objectives.","[""solicit feedback"", ""sharing your process"", ""share your perspective"", ""share process"", ""shaping the creative""]",solicit feedback (Bloom: Apply); sharing your process (Bloom: Apply); share your perspective (Bloom: Apply); share process (Bloom: nan); shaping the creative (Bloom: Apply),Both,"Strong communication and collaboration skills are essential for navigating complex team structures and cross-functional projects, especially with the rise of remote work and distributed teams. These skills facilitate knowledge transfer and collective problem-solving.",,,,,,
C2_b5,5,Cloud Environment Management and Optimization,"Analyze and manage cloud infrastructure and environments, including Kubernetes, to ensure optimal performance, security, and cost-effectiveness.","[""manage cloud infrastructure"", ""operate cloud environments"", ""manage cloud environments"", ""manage cloud"", ""secure cloud environments"", ""manage Kubernetes in production environments""]",manage cloud infrastructure (Bloom: Analyze); operate cloud environments (Bloom: Evaluate); manage cloud environments (Bloom: Apply); manage cloud (Bloom: Apply); secure cloud environments (Bloom: Apply); manage Kubernetes in production environments (Bloom: Apply),Hard,"As organizations increasingly rely on cloud services, the ability to effectively manage, secure, and optimize these environments is paramount for maintaining competitive advantage and data integrity.",,,,,,
C5_b33,33,Cultivate Professional Excellence and Organizational Effectiveness,"Apply organizational skills and a passion for excellence to plan tasks, manage team projects, and develop project health metrics, fostering an enhanced and optimally functioning workplace environment.","[""plan tasks"", ""functioning at optimal level."", ""organizational skills"", ""organizational skills."", ""passion for excellence."", ""manage team projects"", ""develop project health metrics"", ""enhance workplace environments""]",plan tasks (Bloom: nan); functioning at optimal level. (Bloom: Apply); organizational skills (Bloom: Apply); organizational skills. (Bloom: Apply); passion for excellence. (Bloom: Apply); manage team projects (Bloom: nan); develop project health metrics (Bloom: Create); enhance workplace environments (Bloom: Create),Both,"Strong organizational and project management skills, coupled with a drive for excellence, are timeless attributes that enhance productivity, collaboration, and overall success in any professional setting.",,,,,,
C1_b69,69,Develop and Communicate Innovative Solutions,"Create innovative and impactful software solutions by collaborating with stakeholders, simplifying complex ideas for diverse audiences, and producing high-quality documentation and content.","[""create documentation"", ""advise clients on identifying opportunities"", ""develop innovative solutions"", ""deliver presentations"", ""simplify and communicate complex ideas to broad audiences"", ""engage with stakeholders in demonstrations"", ""deliver impactful solutions"", ""produce content at quality and engagement level"", ""produce work to the highest of standards""]",create documentation (Bloom: Create); advise clients on identifying opportunities (Bloom: nan); develop innovative solutions (Bloom: Create); deliver presentations (Bloom: nan); simplify and communicate complex ideas to broad audiences (Bloom: nan); engage with stakeholders in demonstrations (Bloom: nan); deliver impactful solutions (Bloom: nan); produce content at quality and engagement level (Bloom: nan); produce work to the highest of standards (Bloom: Create),Both,"Effective communication and innovation are crucial for translating technical advancements into valuable products and services, especially as AI and complex systems become more prevalent. The ability to articulate value and collaborate across disciplines will be increasingly important.",,,,,,
C3_b118,118,Analyze and Optimize Business Processes with Automation,"Apply analytical skills to configure business process flows and fuzzy matching, optimizing operational efficiency and automating routine tasks within organizational workflows.","[""configure Business Process Flows"", ""configure fuzzy matching""]",configure Business Process Flows (Bloom: Apply); configure fuzzy matching (Bloom: Apply),Hard,"Automation and process optimization are key drivers of productivity and cost reduction. This competency enables professionals to leverage technology for smarter, more efficient business operations.",,,,,,
C7_b136,136,Adapt to New Concepts and Principles,"Apply new principles and concepts to evolving challenges, demonstrating continuous learning and adaptability.","[""apply new principles"", ""apply new concepts""]",apply new principles (Bloom: nan); apply new concepts (Bloom: Apply),Both,The rapid pace of technological change necessitates continuous learning and the ability to quickly adapt to and apply new concepts and principles to remain relevant and innovative.,,,,,,
C1_b11,11,Agile Project Management and Software Development,Develop Agile software solutions by applying project management methodologies and working effectively within an Agile environment to manage project implementation.,"[""apply project management methodologies"", ""develop Agile software"", ""follow project management methodology"", ""developing project management skills"", ""work in an agile environment"", ""manage projects"", ""having good agile"", ""manage implementation of projects""]",apply project management methodologies (Bloom: nan); develop Agile software (Bloom: Create); follow project management methodology (Bloom: Analyze); developing project management skills (Bloom: nan); work in an agile environment (Bloom: nan); manage projects (Bloom: nan); having good agile (Bloom: Apply); manage implementation of projects (Bloom: nan),Both,"Proficiency in Agile methodologies is crucial for adapting to rapid technological changes and delivering iterative software solutions, which is increasingly vital in dynamic development environments. This competency supports efficient project delivery and continuous improvement.",,,,,,
C5_b113,113,Manage Production and Reporting for Business Operations,"Evaluate and support multiple productions, including the production of performance reports and the month-end close process, to ensure accurate financial and operational oversight.","[""support multiple productions"", ""support production of performance reports"", ""support month-end close process""]",support multiple productions (Bloom: nan); support production of performance reports (Bloom: nan); support month-end close process (Bloom: Evaluate),Both,"Accurate reporting and efficient management of production cycles are essential for data-driven decision-making and maintaining financial health, which are critical for business sustainability in any industry.",,,,,,
C5_b120,120,Collaborate and Contribute to Open-Source and Equitable Systems,"Apply collaborative practices to contribute to open-source projects and foster the development of equitable systems, promoting shared knowledge and fair technological access.","[""contribute to open-source projects"", ""contribute to equitable systems"", ""collaborate on the bigger picture""]",contribute to open-source projects (Bloom: Apply); contribute to equitable systems (Bloom: nan); collaborate on the bigger picture (Bloom: nan),Both,"Open-source contributions and the development of equitable systems are increasingly important for fostering innovation, community engagement, and ethical technology development in a globally connected world.",,,,,,
C1_b1,1,Develop and Deploy AI-Powered Solutions,"Create and deploy robust, scalable AI-powered solutions and enterprise AI software solutions by leveraging AI development tools and integrating AI to improve engineering craft.","[""architect AI/GEN AI solutions"", ""build proprietary AI products"", ""create AI Assisted Product Development"", ""deploy AI features"", ""deploy AI-powered applications"", ""deploy AI-powered solutions"", ""design AI solutions"", ""design AI-powered solutions"", ""design machine learning models"", ""develop AI-powered solutions"", ""develop ML compilers"", ""develop enterprise AI software solutions"", ""develop intelligent integrations"", ""ensure best practices"", ""ensure bot accuracy"", ""ensure bot responsiveness"", ""ensure business-ready models"", ""integrate AI to improve engineering craft"", ""integrate AI workflows with backend systems"", ""leverage AI development tools"", ""manage machine learning models"", ""perform functional testing of AI models"", ""utilise generative AI""]",architect AI/GEN AI solutions (Bloom: Create); build proprietary AI products (Bloom: Create); create AI Assisted Product Development (Bloom: Create); deploy AI features (Bloom: Apply); deploy AI-powered applications (Bloom: Apply); deploy AI-powered solutions (Bloom: Apply); design AI solutions (Bloom: Create); design AI-powered solutions (Bloom: Create); design machine learning models (Bloom: Create); develop AI-powered solutions (Bloom: Create); develop ML compilers (Bloom: Create); develop enterprise AI software solutions (Bloom: Create); develop intelligent integrations (Bloom: Create); ensure best practices (Bloom: Analyze); ensure bot accuracy (Bloom: Analyze); ensure bot responsiveness (Bloom: Analyze); ensure business-ready models (Bloom: Create); integrate AI to improve engineering craft (Bloom: Create); integrate AI workflows with backend systems (Bloom: Create); leverage AI development tools (Bloom: Create); manage machine learning models (Bloom: Create); perform functional testing of AI models (Bloom: Create); utilise generative AI (Bloom: Apply),Hard,"The ability to develop and deploy AI solutions is critical as AI continues to permeate all industries, driving innovation and efficiency. This competency ensures graduates can contribute to the creation of next-generation intelligent systems.",,,,,,
C1_b159,159,Drive Business Outcomes and Innovation,"Drive measurable business outcomes and impact by applying strategic planning, marketing innovation, and next-level segmentation to achieve organizational goals.","[""drive planning"", ""drive marketing innovation"", ""drive next-level segmentation"", ""drive measurable business outcomes"", ""drive measurable business impact"", ""drive measurable""]",drive planning (Bloom: nan); drive marketing innovation (Bloom: nan); drive next-level segmentation (Bloom: Apply); drive measurable business outcomes (Bloom: nan); drive measurable business impact (Bloom: nan); drive measurable (Bloom: Apply),Both,The ability to translate technical work into tangible business value and foster innovation is increasingly critical for career progression and organizational success in a rapidly evolving market.,,,,,,
C4_b165,165,MLOps Best Practices Application,"Apply best practices in MLOps to manage the lifecycle of machine learning models, ensuring their reliable deployment, monitoring, and maintenance within operational environments.","[""fostering best practices in MLOps""]",fostering best practices in MLOps (Bloom: Apply),Hard,"As AI and Machine Learning become pervasive, MLOps is an emerging and critical domain. This competency is highly relevant for ensuring the successful and ethical deployment of AI/ML systems, which are central to future technological advancements.",,,,,,
C2_b65,65,Effective Technical Communication and Stakeholder Engagement,"Explain complex technical concepts to non-technical audiences and stakeholders, provide technical advice, and advise clients on managing potential impacts to ensure clear understanding and successful project outcomes.","[""explaining complex technical concepts to non -technical audiences."", ""advise clients on managing potential impacts"", ""provide technical advice"", ""non -technical users.""]",explaining complex technical concepts to non -technical audiences. (Bloom: Understand); advise clients on managing potential impacts (Bloom: nan); provide technical advice (Bloom: nan); non -technical users. (Bloom: Apply),Both,"As technology permeates all aspects of business, the skill to bridge the gap between technical experts and non-technical stakeholders is crucial for successful adoption, project management, and client satisfaction.",,,,,,
C1_b45,45,Design and Develop User-Centric Digital Experiences,"Create intuitive, seamless, and impactful user experiences by documenting designs, enhancing user interaction, and collaborating with designers to deliver effective digital solutions.","[""deliver intuitive, seamless, and impactful user experiences"", ""design digital measurement solutions"", ""design firewall access"", ""design graphic artwork"", ""design innovative solutions"", ""design media walls"", ""design network solutions"", ""design payloads"", ""develop In-Vehicle Infotainment (IVI) systems"", ""document designs"", ""enhance user experience"", ""work with designers""]","deliver intuitive, seamless, and impactful user experiences (Bloom: nan); design digital measurement solutions (Bloom: Create); design firewall access (Bloom: Create); design graphic artwork (Bloom: Create); design innovative solutions (Bloom: Create); design media walls (Bloom: Create); design network solutions (Bloom: Create); design payloads (Bloom: Create); develop In-Vehicle Infotainment (IVI) systems (Bloom: Create); document designs (Bloom: Create); enhance user experience (Bloom: Create); work with designers (Bloom: nan)",Both,"User experience (UX) design is crucial for the adoption and success of any digital product. As technology becomes more integrated into daily life, the demand for well-designed, user-friendly interfaces will continue to grow, making this competency highly relevant for future digital product development.",,,,,,
C2_b94,94,Optimize System and Database Performance,"Evaluate and implement performance tuning strategies for servers, databases, and ETL processes to enhance system efficiency and responsiveness.","[""tune server performance"", ""tune database performance"", ""tune ETL processes""]",tune server performance (Bloom: Evaluate); tune database performance (Bloom: Evaluate); tune ETL processes (Bloom: Evaluate),Hard,"With the increasing demand for high-performance applications and data processing, optimizing system and database performance is vital for scalability and user experience. This skill is critical for database administrators and DevOps engineers.",,,,,,
C6_b29,29,Analyze and Leverage Emerging Technologies,"Analyze how technology is being used, invest in technology, and use digital techniques to identify challenges in agent systems and understand technological trends.","[""use digital techniques"", ""invest in technology"", ""technology are being used to"", ""identify challenges in agent systems""]",use digital techniques (Bloom: Apply); invest in technology (Bloom: Analyze); technology are being used to (Bloom: Analyze); identify challenges in agent systems (Bloom: nan),Both,Staying abreast of technological advancements and understanding their implications is crucial for innovation and competitive advantage. This competency ensures individuals can critically assess and adopt new technologies effectively.,,,,,,
C7_b41,41,Professional Development and Mentorship,"Develop employees and lead staff to progress their managerial careers, fostering a culture of continuous learning and professional growth within teams.","[""broaden expertise"", ""develop employees"", ""develop nurse managerial career"", ""guide development of services"", ""lead staff"", ""mentor designers"", ""progress nurse managerial career""]",broaden expertise (Bloom: nan); develop employees (Bloom: nan); develop nurse managerial career (Bloom: nan); guide development of services (Bloom: nan); lead staff (Bloom: nan); mentor designers (Bloom: nan); progress nurse managerial career (Bloom: nan),Soft,"Investing in human capital and leadership development is crucial for adapting to evolving technological landscapes and ensuring teams are equipped to handle future challenges, including those posed by AI and automation.",,,,,,
C2_b123,123,Deploy Secure Cloud-Based Software and Products,"Apply secure deployment practices to deliver software and products within production cloud environments, ensuring end-to-end service delivery and robust security measures.","[""deploy software in production settings"", ""deploy secure"", ""deploy products"", ""deliver end-to-end service""]",deploy software in production settings (Bloom: Apply); deploy secure (Bloom: Apply); deploy products (Bloom: Apply); deliver end-to-end service (Bloom: Apply),Hard,"Cloud computing and cybersecurity are foundational to modern software development. This competency ensures graduates can contribute to secure and scalable infrastructure, which is essential for business continuity and data protection.",,,,,,
C5_b26,26,Collaborate and Problem-Solve in Technical Environments,"Collaborate effectively with diverse teams and stakeholders, including architects and volunteers, applying an analytical and creative approach to proactively solve complex technical problems.","[""collaborate with volunteers"", ""collaborate with others"", ""collaborate with Architects"", ""analytical mind"", ""solve problems proactively"", ""-solving skills"", ""-solving skills."", ""creative thinking"", ""Problem Solving:"", ""demonstrate an analytical approach to problem solving""]",collaborate with volunteers (Bloom: nan); collaborate with others (Bloom: nan); collaborate with Architects (Bloom: nan); analytical mind (Bloom: Apply); solve problems proactively (Bloom: nan); -solving skills (Bloom: Apply); -solving skills. (Bloom: Apply); creative thinking (Bloom: Apply); Problem Solving: (Bloom: Apply); demonstrate an analytical approach to problem solving (Bloom: nan),Both,Complex technical challenges require strong collaboration and critical thinking. These soft skills are increasingly important for navigating interdisciplinary projects and driving innovation in dynamic work environments.,,,,,,
C4_b24,24,Analyze and Evaluate Cybersecurity Threats and Trends,"Analyze information security events and evaluate their effects on the security protection landscape, recommending and implementing security initiatives while staying current with evolving security trends.","[""analyze information security events"", ""recommend security initiatives"", ""evaluate effects on security protection landscape"", ""manage security trends"", ""work on national security programs""]",analyze information security events (Bloom: Analyze); recommend security initiatives (Bloom: nan); evaluate effects on security protection landscape (Bloom: Evaluate); manage security trends (Bloom: Apply); work on national security programs (Bloom: nan),Both,"The escalating sophistication of cyber threats necessitates professionals who can proactively analyze, evaluate, and respond to security challenges, safeguarding critical infrastructure and data.",,,,,,
C6_b128,128,Evaluate Performance and Drive Continuous Improvement,Evaluate and adopt new ways for assessing performance to drive continuous improvement in processes and outcomes.,"[""adopt new ways for assessing performance""]",adopt new ways for assessing performance (Bloom: Evaluate),Hard,Continuous improvement and performance optimization are key drivers of efficiency and competitiveness. This competency supports data-informed decision-making and organizational excellence.,,,,,,
C2_b82,82,Analyze Data for Business Insights and Process Automation,Apply analytical deep-dives to extract meaningful insights from data and perform ELT processes to support automated data workflows and business intelligence.,"[""perform analytical deep-dives"", ""perform ELT processes""]",perform analytical deep-dives (Bloom: Apply); perform ELT processes (Bloom: Apply),Hard,Data-driven decision-making and efficient data processing are fundamental to modern businesses. This competency supports the growing need for data analysis and automation in various industries.,,,,,,
C3_b80,80,Conduct Quantitative Research and Analysis,Produce high-quality quantitative research by applying appropriate methodologies to analyze data and generate actionable insights.,"[""produce quantitative research""]",produce quantitative research (Bloom: Create),Hard,"The demand for data-driven decision-making is continuously increasing, making quantitative research and analytical skills essential for understanding complex data and informing strategic initiatives, particularly in Big Data & Analytics.",,,,,,
C6_b85,85,Apply Adaptive Learning and Problem-Solving Strategies,"Apply adaptive learning strategies to continuously acquire new knowledge and skills, including programming languages like C#, and effectively lead troubleshooting efforts for complex issues.","[""learning new things"", ""learn new systems"", ""learn new methods of working"", ""learn C#"", ""lead troubleshooting"", ""lessons learned""]",learning new things (Bloom: Apply); learn new systems (Bloom: nan); learn new methods of working (Bloom: Apply); learn C# (Bloom: Apply); lead troubleshooting (Bloom: Apply); lessons learned (Bloom: ?),Both,"The rapid pace of technological change necessitates continuous learning and adaptability. This competency ensures individuals can quickly master new tools and methodologies, and effectively resolve emerging challenges.",,,,,,
C5_b40,40,Analyze and Translate Business Requirements,"Analyze and translate market structures and mission needs into clear, actionable technical requirements for applications, ensuring a customer-centric approach.","[""gather requirements"", ""transform market structure"", ""derive requirements for applications"", ""translate mission needs into technical requirements"", ""customer -centric approach""]",gather requirements (Bloom: nan); transform market structure (Bloom: Analyze); derive requirements for applications (Bloom: nan); translate mission needs into technical requirements (Bloom: Understand); customer -centric approach (Bloom: Apply),Both,The ability to bridge the gap between business needs and technical solutions is increasingly important as technology becomes more integrated into all aspects of business. This ensures developed solutions are relevant and impactful.,,,,,,
C5_b98,98,Administer and Monitor System Performance,"Analyze and track system performance using monitoring and logging tools, and train on relational database structures to ensure optimal operation and data integrity.","[""track system performance using monitoring and logging tools"", ""train on relational database structures""]",track system performance using monitoring and logging tools (Bloom: Analyze); train on relational database structures (Bloom: nan),Both,"Effective system administration and performance monitoring are essential for maintaining robust and reliable software infrastructure, especially with the increasing complexity of cloud environments and data systems.",,,,,,
C7_b87,87,Inspire and Lead Teams,"Inspire young people and others, and lead teams effectively to achieve common goals and foster a positive work environment.","[""inspire young people"", ""inspire others"", ""lead at pace"", ""lead and""]",inspire young people (Bloom: nan); inspire others (Bloom: nan); lead at pace (Bloom: nan); lead and (Bloom: Apply),Both,Leadership and inspirational qualities are essential for motivating diverse teams and driving innovation. These skills are critical for navigating complex projects and fostering collaborative environments in the future of work.,,,,,,
C3_b162,162,Automated Deployment and Reporting,Create automated reporting systems and ensure high-quality automated deployments to streamline operational processes and improve efficiency.,"[""build automated reporting"", ""ensure high-quality automated deployments"", ""simplify repetitive tasks"", ""perform repetitive tasks like typing on a keyboard""]",build automated reporting (Bloom: Create); ensure high-quality automated deployments (Bloom: Create); simplify repetitive tasks (Bloom: nan); perform repetitive tasks like typing on a keyboard (Bloom: nan),Both,Automation is a key driver of efficiency in software development. Competency in automating deployments and reporting is essential for modern DevOps practices and will continue to be critical as AI further automates routine tasks.,,,,,,
C1_b168,168,Develop and Maintain Robust Software Solutions,"Create and maintain robust software solutions by developing new features, implementing fixes, and improving codebase quality, ensuring adherence to secure coding practices and technical documentation standards.","[""support delivery of maintenance services"", ""build smarter workflows"", ""maintain solutions"", ""provide secure coding practices"", ""approach writing code"", ""support software solutions"", ""understand coding principles"", ""develop new features"", ""develop software solutions"", ""maintain technical documentation"", ""implement fixes"", ""maintain best practices"", ""enhance developer workflows"", ""improve codebase"", ""work repairs"", ""coordinate maintenance efforts"", ""develop code""]",support delivery of maintenance services (Bloom: nan); build smarter workflows (Bloom: Create); maintain solutions (Bloom: Analyze); provide secure coding practices (Bloom: Apply); approach writing code (Bloom: nan); support software solutions (Bloom: Evaluate); understand coding principles (Bloom: Apply); develop new features (Bloom: Create); develop software solutions (Bloom: Create); maintain technical documentation (Bloom: Analyze); implement fixes (Bloom: Apply); maintain best practices (Bloom: nan); enhance developer workflows (Bloom: Create); improve codebase (Bloom: Create); work repairs (Bloom: Apply); coordinate maintenance efforts (Bloom: nan); develop code (Bloom: Create),Both,"While some aspects of routine maintenance coding may decline, the core ability to develop and maintain software solutions remains fundamental. Future roles will require adapting these skills to more complex, AI-driven systems and cloud environments.",,,,,,
C3_b145,145,Design and Integrate Game Assets,"Create game assets that integrate seamlessly into the game environment, ensuring alignment with project coordinate systems.","[""ensure your models integrate seamlessly into the game"", ""ensuring assets are aligned to project coordinate systems""]",ensure your models integrate seamlessly into the game (Bloom: Create); ensuring assets are aligned to project coordinate systems (Bloom: Apply),Hard,"As the gaming industry continues to grow and evolve, the demand for skilled professionals who can create and integrate high-quality game assets efficiently remains strong.",,,,,,
C3_b48,48,Engineer Business Solutions and Modernization Strategies,"Produce engineering solutions and build commercial applications by identifying and understanding business problems and opportunities, and consult for application modernization to contribute to engineering practice direction.","[""understand business opportunities"", ""build commercial applications"", ""produce engineering solutions"", ""consult for application modernization"", ""identify business problems"", ""contribute to engineering practice direction""]",understand business opportunities (Bloom: nan); build commercial applications (Bloom: Create); produce engineering solutions (Bloom: Create); consult for application modernization (Bloom: Apply); identify business problems (Bloom: nan); contribute to engineering practice direction (Bloom: nan),Both,The demand for software solutions that directly address business needs is growing. This competency ensures graduates can translate business requirements into technical solutions and drive organizational modernization through technology.,,,,,,
C6_b95,95,Budgetary Planning and Resource Allocation,"Translate allocated budgets into comprehensive resource and capacity plans, ensuring efficient allocation of financial resources for project execution and operational sustainability.","[""translate budgets into resource plans"", ""translate budgets into capacity plans""]",translate budgets into resource plans (Bloom: nan); translate budgets into capacity plans (Bloom: nan),Soft,"Effective financial planning and resource management are essential for project success and organizational efficiency, a skill with moderate growth in project management.",,,,,,
C1_b140,140,AI Model Fine-Tuning and Adaptation,Create and fine-tune visual and large language models for new domains by adapting existing architectures and datasets to achieve specific performance objectives.,"[""fine-tune visual language models"", ""fine-tune large language models for new domains""]",fine-tune visual language models (Bloom: Create); fine-tune large language models for new domains (Bloom: Create),Hard,"The ability to adapt and specialize AI models is crucial for developing tailored AI solutions across various industries, driving innovation and efficiency. This skill is central to the evolving landscape of AI applications.",,,,,,
C3_b62,62,Facilitate Technical Communication and Collaboration,Foster productive design discussions and bridge business needs with technical execution by translating complex technical concepts for non-technical audiences and developing credible relationships with stakeholders.,"[""collaborate with colleagues"", ""collaborate smoothly"", ""foster productive design discussions"", ""bridge business needs with technical execution"", ""lead design discussions"", ""translate technical concepts for non-technical audiences"", ""work closely with programmers"", ""partner with clients"", ""develop credible relationships with stakeholders"", ""assure understanding of technical knowledge"", ""work closely with Community Engagement Lead""]",collaborate with colleagues (Bloom: nan); collaborate smoothly (Bloom: nan); foster productive design discussions (Bloom: nan); bridge business needs with technical execution (Bloom: nan); lead design discussions (Bloom: nan); translate technical concepts for non-technical audiences (Bloom: nan); work closely with programmers (Bloom: nan); partner with clients (Bloom: nan); develop credible relationships with stakeholders (Bloom: nan); assure understanding of technical knowledge (Bloom: nan); work closely with Community Engagement Lead (Bloom: nan),Soft,"Strong communication and collaboration skills are increasingly vital for interdisciplinary teams, especially in environments integrating AI, where understanding and conveying complex technical information to diverse stakeholders is key to successful deployment and adoption.",,,,,,
C3_b74,74,Develop and Optimize AI/ML Solutions with Python,"Create and optimize AI/ML solutions using Python, ensuring efficient development processes and effective utilization of computational resources.","[""program with Python"", ""optimize development processes""]",program with Python (Bloom: Create); optimize development processes (Bloom: Create),Hard,Python is a cornerstone for AI and Machine Learning development. This competency is critical for building and refining the intelligent systems that will drive future innovation across all industries.,,,,,,
C4_b34,34,Develop and Test Application Programs for Quality Assurance,Create and implement test applications to ensure the quality and functionality of application programs by collaborating with UI/UX designers and providing constructive feedback to peers.,"[""test application programs"", ""implement test applications"", ""give and solicit feedback from UX design peers"", ""collaborate with UI/UX designers""]",test application programs (Bloom: Create); implement test applications (Bloom: Evaluate); give and solicit feedback from UX design peers (Bloom: nan); collaborate with UI/UX designers (Bloom: nan),Both,"Quality assurance and robust testing practices are increasingly important for delivering reliable software, especially with the rapid deployment cycles and complex integrations characteristic of modern development.",,,,,,
