competency_id,batch_id,title,description,related_skills,future_relevance,all_skills_human_verified,human_quality,human_relevant,human_notes,reviewer_id
C1_b363,363,Strategic Initiative Adoption and Stakeholder Trust,"This competency focuses on the ability to effectively drive the adoption of strategic initiatives within an organization. It emphasizes maintaining a high level of trust with stakeholders through clear communication and collaborative engagement, ensuring successful project outcomes.","[""drive the effective adoption of strategic initiatives."", ""maintain a high level of trust with stakeholders"", ""operate within project governance frameworks"", ""overseeing the process from strategy through delivery."", ""ensure communications internally and externally are timely and effective""]","In an increasingly dynamic business environment, the ability to lead and implement strategic changes while fostering trust is crucial for organizational agility and sustained growth.",False,,,,
C10_b74,74,Sustainable Technology Integration,This competency explores the application of technology to accelerate the development and adoption of sustainable energy sources. Learners will understand the role of software and engineering in environmental sustainability initiatives.,"[""accelerate sustainable energy sources"", ""or technologies."", ""support renewable and virtual power plants""]","As global focus shifts towards sustainability, the integration of technology to address environmental challenges is becoming increasingly important. This competency prepares learners for roles in green tech and sustainable development.",False,,,,
C2_b356,356,Data Integrity and Database Management,"This competency equips learners with the knowledge and skills to ensure the integrity and availability of information systems and databases. It covers essential practices such as performing and testing database backups, and integrating third-party services to maintain robust data infrastructure.","[""ensure integrity of information systems"", ""test database backup procedures"", ""integrate third-party services"", ""perform database backups at frequency""]","As data becomes a critical asset for all organizations, ensuring its integrity and availability is paramount. This competency is crucial for protecting against data loss and maintaining operational continuity in an increasingly data-driven world.",False,,,,
C7_b87,87,Applying Agile Methodologies for Software Development,"Learners will gain proficiency in using the Agile-scrum methodology for software development. This competency focuses on iterative development, continuous improvement, and adaptive planning to deliver high-quality software efficiently.","[""use Agile-scrum methodology""]",Agile methodologies are widely adopted in modern software development for their flexibility and efficiency. Mastery of Agile-scrum is essential for working in dynamic development environments and responding quickly to changing requirements.,False,,,,
C2_b240,240,Collaborative Technical Solution Delivery and Stakeholder Engagement,"This competency emphasizes the ability to collaborate effectively with diverse teams and stakeholders to deliver technical solutions. It covers skills in project delivery, client interaction, and providing expert technical guidance, fostering an environment of innovation and strong communication.","[""project delivery."", ""work with clients"", ""implement technical solutions"", ""professionals"", ""collaborate with Program/Project Managers"", ""provide expert technical guidance"", ""stakeholders"", ""communicators"", ""work closely with product teams"", ""facilitating""]","The future of work increasingly relies on interdisciplinary collaboration and effective communication. This competency prepares individuals to navigate complex project environments, ensuring successful technical implementations and strong relationships with all involved parties.",False,,,,
C2_b78,78,Scalable and Secure Cloud Infrastructure Development,"This competency covers the design, deployment, and continuous improvement of robust and secure cloud-native applications and infrastructure. Learners will master architecting for scalability, resiliency, performance, security, and cost efficiency, while also managing DevSecOps practices.","[""architect for scalability, resiliency, performance, security, and cost efficiency"", ""manage DevSecOps"", ""deploy high quality systems"", ""build core platform"", ""continuously improve containerized applications"", ""accelerate global development""]","Cloud computing and robust infrastructure are foundational to modern software development, with strong growth projected for secure and efficient cloud deployments.",False,,,,
C2_b207,207,Collaborative Technical Consulting and Relationship Building,This competency emphasizes fostering collaborative working environments and building trusted relationships with stakeholders. It includes providing expert technical consultancy and working in partnership with various teams to achieve shared goals.,"[""encourage collaborative working"", ""value collaboration"", ""collaborate in partnership"", ""build trusted relationships"", ""provide technical consultancy"", ""collaborate with Manufacturing and R&D""]","As technology becomes more interconnected and interdisciplinary, strong collaboration and communication skills are essential. Human-AI collaboration and cross-functional teamwork will be key to innovation and problem-solving in future workplaces.",False,,,,
C2_b511,511,Customer and Stakeholder Relationship Management,"This competency involves building and maintaining strong relationships with customers and various stakeholders. Learners will develop skills in effective communication, understanding needs, and collaborating to maximize value delivery and achieve shared goals.","[""develop strong relationships with customers"", ""act as a connector"", ""supporting the individuals"", ""maximize value delivered to"", ""Cultivate""]","In an increasingly interconnected and service-oriented economy, the ability to foster strong relationships and collaborate effectively is crucial for innovation and successful project delivery, especially in human-AI collaboration contexts.",False,,,,
C3_b769,769,Data-Driven Analysis and Reporting,"This competency equips learners with the skills to gather, analyze, and interpret data to generate actionable insights and recommendations. They will learn to present findings clearly and concisely through reports, supporting data-driven decision-making.","[""Report"", ""actionable recommendations"", ""actionable insights."", ""Reviewing"", ""Understand""]","As AI and Big Data become ubiquitous, the capacity to extract meaningful insights from data and communicate them effectively is paramount for informed decision-making and competitive advantage.",False,,,,
C2_b649,649,User-Centric Application Design,This competency emphasizes the development of applications with a strong focus on user experience and usability. Learners will gain skills in designing intuitive interfaces and ensuring that software solutions are accessible and easy for end-users to operate.,"[""make apps easy to use""]","As technology becomes more integrated into daily life, the demand for user-friendly applications will only increase. This competency is vital for creating software that is adopted and valued by users, regardless of underlying technological shifts.",False,,,,
C3_b7,7,Cybersecurity Strategy and Implementation,"This competency focuses on developing and implementing comprehensive cybersecurity strategies to protect digital assets. It includes analyzing cybersecurity controls, tackling emerging challenges, and establishing cybersecurity awareness programs.","[""analyze cybersecurity controls"", ""develop Cybersecurity Awareness Program"", ""develop cybersecurity strategy"", ""identify cybersecurity tools"", ""implement cybersecurity tools"", ""improve cyber security"", ""innovate cybersecurity solutions"", ""maintain cybersecurity strategy"", ""support cybersecurity efforts"", ""tackle cybersecurity challenges""]","As digital threats evolve, robust cybersecurity skills are paramount for protecting data, systems, and privacy, making this competency vital for maintaining trust and operational integrity in the digital age.",False,,,,
C2_b213,213,Proactive Cybersecurity Risk Management,"This competency equips learners with the skills to identify, monitor, and mitigate emerging cybersecurity risks. It emphasizes a proactive approach to safeguarding digital assets and ensuring system integrity.","[""monitor emerging risks"", ""proactive risk identification""]","With the continuous evolution of cyber threats, proactive risk management is essential for protecting organizations from data breaches and maintaining trust in digital systems.",False,,,,
C1_b415,415,Collaborative Communication and Organizational Alignment,"This competency focuses on effectively communicating within diverse teams and across organizational units to foster alignment and achieve strategic objectives. It involves engaging stakeholders, building relationships, and translating strategic intent into actionable solutions.","[""engage diverse community"", ""deliver high quality communications"", ""drive alignment across the organization"", ""grow strategic relationships"", ""work closely with business units"", ""unite through shared culture and values"", ""work hard in a team"", ""value perspectives"", ""showcase your work and promote understanding"", ""translate strategic intent into solutions"", ""critical thinking and"", ""provide actionable insights""]",Effective communication and collaboration are increasingly vital in agile and distributed work environments. The ability to align diverse teams and stakeholders is crucial for navigating complex projects and fostering innovation in the future of work.,False,,,,
C3_b76,76,AI/ML Operations and Data-Driven Decision Making,"This competency focuses on the operationalization of Machine Learning models and the ability to derive actionable insights from data. Learners will understand how to own and grow ML Ops disciplines, expand networks for AI/ML, and synthesize data into actionable next steps, balancing big-picture trends in AI.","[""expand networks"", ""performance analytics"", ""deep specialists"", ""own and grow the ML Ops discipline"", ""balancing big -picture trends"", ""models"", ""synthesize data into actionable next steps"", ""implement video analytics""]","The ability to deploy, manage, and extract value from AI/ML models is crucial for innovation and competitive advantage. This competency prepares individuals for roles at the forefront of AI-driven transformation.",False,,,,
C2_b625,625,Software Quality Assurance and Issue Resolution,Learners will develop skills in ensuring the quality of software through various testing methodologies and resolving application issues. This includes implementing end-to-end testing and shaping overall software quality engineering practices.,"[""fixes"", ""deal with multiple issues"", ""provide ongoing support"", ""shape software quality engineering"", ""resolve application issues"", ""implement end-to-end testing""]","As software systems become more integrated and critical, the demand for robust quality assurance and efficient issue resolution will continue to grow, ensuring reliable and secure applications.",False,,,,
C9_b247,247,Messaging Technologies and Communication Protocols,This competency covers the use and understanding of various messaging technologies for inter-system communication and data exchange. Learners will explore different protocols and their applications in software development.,"[""use messaging technologies""]","Effective communication between distributed systems is a cornerstone of modern software architecture, particularly in microservices and event-driven patterns, making this skill essential for future integration challenges.",False,,,,
C2_b491,491,Strategic Business Acumen and Project Leadership,"This competency equips learners with the ability to understand business objectives, drive project success, and manage operational aspects. It includes leading development cycles and ensuring the performance of technical components to meet organizational goals.","[""profitability calculations"", ""drive the success of business"", ""lead release cycles"", ""manage large"", ""ensure performance of SDKs""]",The ability to connect technical work with business outcomes and lead projects effectively is crucial for navigating complex technological landscapes and contributing to organizational growth.,False,,,,
C9_b102,102,Cybersecurity Incident Response,"This competency covers the ability to respond effectively to critical alarms and security incidents. Learners will develop skills in identifying, analyzing, and mitigating cybersecurity threats to protect systems and data.","[""contact emergency services"", ""escalate incidents"", ""respond to critical alarms"", ""triage incidents"", ""troubleshoot and resolve firewall issues""]","With the growing threat of cyberattacks, the ability to quickly and effectively respond to security incidents is paramount for protecting digital assets and maintaining business continuity.",False,,,,
C2_b762,762,Effective Communication and Influence,"This competency covers the ability to communicate complex technical information clearly and persuasively, both verbally and in writing. It includes skills in presenting ideas, influencing stakeholders, and documenting processes effectively.","[""influencing skills"", ""Influence"", ""presentation skills"", ""Communication:"", ""Document processes""]","In an increasingly collaborative and interdisciplinary work environment, strong communication and influencing skills are essential for driving projects forward, fostering innovation, and ensuring successful adoption of new technologies, including AI-driven solutions.",False,,,,
C1_b56,56,Cloud-Native Security and Operations,"This competency focuses on securing cloud environments and managing operations within non-production and production settings. Learners will acquire skills to protect systems, collect security performance metrics, and utilize security tools, specifically within platforms like Google Cloud Platform.","[""protect systems"", ""ensure long-term success on Google Cloud Platform"", ""collect security service performance metrics"", ""use security tools"", ""non -production environments"", ""lead the security delivery function""]","As organizations increasingly adopt cloud infrastructure, the demand for professionals skilled in cloud security and operations will continue to grow, making this a critical area for future careers.",False,,,,
C1_b149,149,Cloud Infrastructure Reliability and Performance Management,"This competency focuses on ensuring the continuous availability and optimal performance of cloud-based systems. Learners will develop skills in monitoring system health, administering operating systems, and maintaining database integrity to support robust digital services.","[""ensure reliability of infrastructure"", ""Monitoring system performance."", ""administer Windows and Linux operating systems"", ""maintain database"", ""support server administration"", ""oversee IT systems"", ""administration""]","As organizations increasingly rely on cloud computing, the ability to manage and ensure the reliability of cloud infrastructure is critical for business continuity and innovation.",False,,,,
C4_b374,374,Adherence to Industry Standards and Best Practices,"This competency ensures learners understand and apply industry standards and best practices in their work. It covers the ability to adhere to established guidelines, incorporate new concepts responsibly, and contribute to high-impact delivery while maintaining quality and compliance.","[""adhere to industry standards"", ""incorporate new concepts"", ""contribute to high impact delivery""]","With increasing regulatory scrutiny and the need for interoperability, adhering to industry standards is paramount for ensuring quality, security, and ethical practices in software and game development.",False,,,,
C1_b118,118,Data-Driven Performance Optimization,"This competency focuses on the ability to gather, analyze, and transform data into actionable insights that drive performance improvements. Learners will develop skills in data collection, reporting, and leveraging data to optimize operational outcomes.","[""analyze insights"", ""deliver insights"", ""gathering data"", ""high quality data is collected"", ""improve funnel conversion metrics"", ""lead the transformation of complex data into clear"", ""optimizing Priceline’s bidding strategies"", ""run reports"", ""track performance metrics"", ""tune performance for BI applications"", ""turn data into performance driver""]","As organizations increasingly rely on data for strategic decision-making, the ability to effectively utilize data to enhance performance is crucial for future roles, especially with the rise of AI-driven analytics.",False,,,,
C1_b351,351,Collaborative Communication and Strategic Leadership,"This competency focuses on developing effective communication strategies to lead teams, manage partnerships, and provide strategic guidance. Learners will practice sharing knowledge, facilitating discussions, and shaping communication to achieve organizational goals.","[""support global team"", ""share knowledge and experience"", ""lead regional programs"", ""product teams"", ""research company values and projects"", ""facilitation of"", ""build and manage strategic marketing partnerships"", ""lead BI strategy and delivery"", ""shape communication and engagement strategies"", ""develop integration solutions"", ""provides strategic guidance during moments of opportunity or crisis."", ""act as a consultant"", ""manage partners"", ""high -value client solutions."", ""communicate with leadership""]","Effective collaboration and strategic communication are increasingly vital in globally distributed and interdisciplinary work environments, enabling innovation and efficient problem-solving, especially with the rise of AI-assisted teamwork.",False,,,,
C2_b622,622,Quality Assurance and Continuous Improvement in Software,Learners will develop skills in improving automated testing frameworks and identifying opportunities for continuous improvement in software development processes. This includes balancing quality with project delivery timelines.,"[""improve automated testing frameworks"", ""continuously improved"", ""opportunities for improvement"", ""identify improvement opportunities"", ""balance quality and project delivery"", ""improvements"", ""commit to continuous improvement""]","Even as routine coding tasks become more automated, the critical thinking required to design effective testing strategies and drive continuous improvement in software quality will remain highly valued.",False,,,,
C2_b3,3,Architecting and Innovating with Agentic AI,"This competency covers the design and development of sophisticated AI systems, particularly focusing on agentic AI solutions. Learners will acquire the knowledge to architect complex AI systems, including the implementation of AI agents and the development of enterprise-level AI software.","[""build advanced AI capabilities"", ""implement AI agents"", ""architect Agentic AI solutions"", ""architect AI systems"", ""develop enterprise AI software solutions"", ""AI solutions""]","Agentic AI represents a significant leap in AI capabilities, enabling more autonomous and intelligent systems. Proficiency in this area will be vital for creating the next generation of smart applications and automated processes.",False,,,,
C9_b132,132,Digital Market Development and Sales Enablement,This competency involves understanding how to identify and create new market opportunities within the digital economy. It also includes enabling sales teams with the necessary tools and knowledge to effectively promote digital products and services.,"[""enable Sales Engineers"", ""create new markets""]","The digital economy continues to expand, requiring professionals who can not only develop innovative products but also effectively bring them to market and support sales efforts.",False,,,,
C2_b402,402,Strategic Business Transformation and Impact,"This competency equips learners with the ability to analyze business needs, deliver high-quality insights, and implement technological solutions that drive organizational change and business growth. It emphasizes understanding the broader impact of technology on business outcomes and strategic recommendations.","[""enable business transformation"", ""deliver high-quality insights"", ""transform organisations"", ""impact business growth"", ""implement end-to-end B2C technology"", ""provide strategic recommendations on inventory management""]","As technology continues to reshape industries, the capacity to lead and enable business transformation is paramount. This competency prepares individuals to leverage emerging technologies for strategic advantage and sustainable growth.",False,,,,
C3_b11,11,AI Solution Development and Deployment,"This competency focuses on the practical application of Artificial Intelligence, including implementing AI solutions and deploying AI models. Learners will understand how to leverage machine learning frameworks to build and integrate AI capabilities into various systems.","[""implement artificial intelligence solutions"", ""deploy AI models"", ""use machine learning frameworks"", ""power AI"", ""validate AI capabilities""]","AI is transforming industries globally. The ability to develop and deploy AI solutions is crucial for driving innovation, automating processes, and creating intelligent products and services in the future economy.",False,,,,
C2_b154,154,Human-AI Interaction Design and Management,"This competency addresses the design and management of systems that facilitate effective collaboration between humans and artificial intelligence. Learners will explore methods to connect devices, enhance user experiences, and implement mitigating actions in AI-driven systems.","[""connect devices"", ""enhancing the"", ""takes mitigating actions"", ""inspire meaningful connections""]","As AI becomes more pervasive, the ability to design and manage seamless and ethical human-AI interactions is paramount. This competency prepares individuals to shape the future of collaborative intelligent systems.",False,,,,
C2_b199,199,AI/ML Model Development and Optimization,Learners will acquire the skills to train and optimize machine learning models. This includes understanding various training methodologies and techniques to improve model performance and efficiency for diverse applications.,"[""train"", ""optimize models""]",Artificial Intelligence and Machine Learning are driving innovation across all industries. The ability to develop and refine AI/ML models is a highly sought-after skill that will continue to grow in importance.,False,,,,
C12_b180,180,Technical Expertise Expansion and Continuous Learning,This competency emphasizes the importance of continuously expanding technical expertise and adapting to new product arenas. Learners will cultivate a mindset of lifelong learning and skill development in a dynamic technological environment.,"[""expand technical expertise"", ""learn new product arenas""]","The rapid pace of technological change necessitates continuous learning and adaptation, making the ability to expand technical expertise a core skill for career longevity.",False,,,,
C3_b304,304,Lean Principles and Process Automation,Learners will apply lean principles to optimize processes and drive efficiency in software development and related operational contexts. This includes utilizing automation tools and understanding their application in various logistical and technical scenarios.,"[""utilize lean principles to drive efficiency"", ""operate Blackduck, Coverity, zACS tools"", ""coordinate logistics for ships, pipelines, and trucks""]",Lean methodologies and process automation are key drivers of productivity and cost-effectiveness across industries. Proficiency in these areas is essential for streamlining operations and adapting to rapidly changing business environments.,False,,,,
C1_b281,281,Collaborative Technical Problem Solving,"This competency focuses on the ability to effectively resolve technical challenges both independently and collaboratively. It emphasizes continuous learning, seeking and providing feedback, and working with diverse teams and leadership to achieve shared goals.","[""learn technical concepts"", ""undertake high-level technical assessments"", ""work with teams and executive leadership"", ""resolve technical challenges independently"", ""grow stronger through feedback, collaboration, and shared wins""]","Effective collaboration and continuous learning are crucial for navigating the rapidly evolving technological landscape and addressing complex problems in future work environments, especially with the rise of human-AI collaboration.",False,,,,
C2_b760,760,"System Monitoring, Analysis, and Troubleshooting","Learners will develop skills in actively monitoring system performance, analyzing data to identify issues, and effectively troubleshooting problems to maintain optimal system functionality. This includes defining and reviewing operational procedures.","[""monitor"", ""Analyze"", ""troubleshoot"", ""actively"", ""Reporting"", ""Define"", ""Review"", ""procedures.""]","With the increasing adoption of AI and automated systems, the ability to monitor, analyze, and troubleshoot complex environments is essential for ensuring the health and efficiency of these critical infrastructures.",False,,,,
C2_b763,763,Strategic Problem Solving and Optimization,"Learners will develop skills in identifying, analyzing, and resolving complex technical issues with a strategic mindset. This includes optimizing system performance and ensuring accuracy in solutions.","[""problem -solving."", ""problem solving skills."", ""problem solver."", ""Strategic"", ""Troubleshooting"", ""performance."", ""optimize performance."", ""accuracy.""]","As systems become more intricate and AI-driven, the ability to strategically troubleshoot and optimize performance is crucial for maintaining efficiency and reliability, directly impacting the success of AI/ML models and infrastructure.",False,,,,
C1_b481,481,Team Leadership and Collaboration,"This competency focuses on the ability to effectively lead small teams, foster a collaborative environment, and build trust among colleagues. It emphasizes initiating professional relationships and protecting team time to ensure productive outcomes.","[""lead a small team"", ""build trust as a partner"", ""protect team time"", ""initiate professional relationships"", ""engage in activities"", ""reviews current organizational"", ""expand leadership"", ""highlight relevant experience"", ""recruit top talent"", ""support organization’s mandate"", ""deliver successful outcomes"", ""visionary"", ""engage customers"", ""cover governance in enterprise architecture"", ""governance for""]","Effective leadership and collaboration are increasingly vital in agile development environments and cross-functional teams, which are becoming standard in the future of work. The ability to foster trust and manage team dynamics is crucial for innovation and project success.",False,,,,
C5_b73,73,Cloud Infrastructure and Storage Management,This competency involves supporting and managing cloud storage infrastructure opportunities. Learners will understand how to re-engineer core organizational systems to leverage cloud computing capabilities effectively.,"[""support storage infrastructure opportunities"", ""re-engineer core organizations""]","Cloud computing is foundational to modern IT infrastructure, and expertise in managing and optimizing cloud resources is critical for organizations seeking scalability, flexibility, and cost efficiency.",False,,,,
C9_b299,299,Profiling Software Development,This competency involves the development of software tools designed for performance profiling and optimization. Learners will acquire skills in creating applications that analyze system behavior and identify bottlenecks to enhance efficiency.,"[""develop profiling software""]","Performance optimization is crucial for modern applications, especially in high-demand environments like cloud computing and gaming. Developing profiling tools is a specialized skill that contributes directly to system efficiency and user experience.",False,,,,
C3_b456,456,Customer Experience and Service Delivery,"This competency focuses on designing and implementing solutions that ensure a seamless and connected customer experience. It includes the ability to deliver broadcast and contact center solutions, adapting to client needs.","[""ensure seamless and connected customer experience"", ""implement Contact Centre solutions"", ""deliver broadcast solutions"", ""adapt to client assignments"", ""show product interactions""]","In an increasingly competitive and digital marketplace, delivering exceptional and integrated customer experiences is a key differentiator and driver of business success.",False,,,,
C1_b490,490,Collaborative Teamwork and Inclusive Practices,"This competency focuses on fostering effective collaboration within diverse teams and promoting an inclusive work environment. Learners will develop skills to build strong relationships, welcome varied perspectives, and ensure equitable participation, which are crucial for innovation and team cohesion.","[""build connected relationships"", ""preserve inclusive culture"", ""demonstrate strong empathy"", ""implement Peer Review and Pull Request approach"", ""welcome diverse perspectives"", ""participate in FATs with team members"", ""engage in debate"", ""promote equality"", ""demonstrate cultural diversity awareness""]","The future of work increasingly emphasizes diverse, collaborative teams. Skills in fostering inclusivity and effective communication are vital for navigating complex projects and leveraging varied talents in a globalized, interconnected workforce.",False,,,,
C2_b252,252,Secure System Design and Development,This competency involves designing and implementing software solutions with a strong emphasis on security principles from the outset. It ensures that developed systems inherently protect against vulnerabilities and adhere to secure design frameworks.,"[""ensure solution exhibits Secure by Design framework""]","With the growing threat of cyberattacks and the increasing reliance on digital systems, designing secure solutions is paramount for protecting data and maintaining trust in future technologies.",False,,,,
C3_b228,228,Platform Optimization and Administration,"This competency covers the optimization and administration of key software platforms, such as Salesforce, and the management of internal and external research platforms. It also includes understanding performance management frameworks to ensure efficient system operation.","[""optimize Salesforce platform"", ""performance management frameworks"", ""co-manage internal and external research platforms"", ""Computer""]","As businesses increasingly rely on specialized platforms and cloud services, the ability to optimize and administer these systems efficiently is crucial for maintaining operational effectiveness and scalability.",False,,,,
C3_b198,198,Risk Analysis and Decision Making in Cybersecurity,"This competency focuses on the critical ability to conduct risk analysis and make informed decisions within a cybersecurity context. Learners will understand how to identify, assess, and mitigate security risks to protect IT systems.","[""make final decisions on risk analysis""]","With the increasing sophistication of cyber threats, the ability to perform robust risk analysis and make decisive security choices is paramount. This skill is essential for protecting digital assets and maintaining business continuity in an interconnected world.",False,,,,
C3_b187,187,Data Platform Management and Scalable Data Storage,"This competency covers the skills required to set up, enhance, and oversee database systems, including the incorporation of large-scale data stores. It ensures the efficient and reliable management of data infrastructure to support various applications.","[""incorporate large-scale data stores"", ""set up database"", ""enhance data platform"", ""oversee all aspects of the""]","As data volumes continue to grow exponentially, expertise in managing and scaling data platforms is fundamental for any organization leveraging data for insights, AI, and operational efficiency.",False,,,,
C6_b80,80,Agile Software Development and Platform Delivery,This competency focuses on applying Scrum practices for efficient software development and delivering robust software platforms. Learners will understand the principles of agile methodologies to manage projects effectively and contribute to the successful deployment of digital platforms.,"[""deliver software platform"", ""apply Scrum practices""]","Agile methodologies are standard in modern software development, enabling faster iteration and adaptation. This competency is vital for contributing to dynamic development teams and delivering high-quality software solutions.",False,,,,
C1_b223,223,Navigating Emerging Technologies and Uncertainty,"This competency focuses on the ability to proactively research, implement, and support emerging technologies while effectively managing uncertainty and ambiguity in dynamic environments. It emphasizes continuous learning and adaptation to new technological landscapes.","[""manage uncertainty and ambiguity"", ""research and implement emerging technologies"", ""supporting new technology."", ""explore emerging capabilities""]","The rapid pace of technological change necessitates professionals who can embrace and integrate new tools and concepts, making this competency crucial for future innovation and adaptability in any industry.",False,,,,
C11_b179,179,Advanced Technology Utilization and Support,This competency focuses on leveraging advanced technologies and providing specialized technical support. Learners will gain experience in using advanced technology and acting as technical support for complex reporting systems.,"[""using advanced technology"", ""act as technical support for advanced Workday report writing""]","The continuous evolution of technology demands professionals who can quickly adapt to and support new tools and systems, ensuring operational continuity and innovation.",False,,,,
C4_b301,301,User Experience and Interface Design Principles,"This competency focuses on understanding and applying principles of user experience and interface design. Learners will gain skills in interpreting storyboards, designing telecommunications networks, and integrating automotive infotainment systems to deliver intuitive user interactions.","[""read storyboards"", ""design telecommunications networks"", ""integrate and test automotive infotainment sub-systems"", ""materials"", ""implement strategies""]","With the proliferation of digital interfaces and smart devices, designing intuitive and engaging user experiences is paramount. This competency is crucial for developing user-centric applications and systems, including those involving AI interactions.",False,,,,
C2_b31,31,Advanced Data Pipeline and Analytics Development,"This competency covers the design, development, and management of high-performance data pipelines, particularly for critical financial services workloads. It emphasizes strengthening analytics foundations, integrating data-driven insights, and developing comprehensive data strategies to support business objectives.","[""strengthen analytics foundation"", ""high -performance data pipelines supporting critical Financial Services workloads."", ""integrate data-driven insights"", ""develop data strategy"", ""deploy data science models"", ""manage data pipelines""]","As data continues to be a strategic asset, the ability to build and manage efficient data pipelines and extract actionable insights is crucial for data-driven decision-making and competitive advantage across all industries.",False,,,,
C2_b376,376,Adaptive Learning and Professional Development,"This competency emphasizes the continuous acquisition of new skills and the ability to adapt to evolving technological landscapes. Learners will develop a proactive approach to professional growth, ensuring they remain relevant and capable of delivering high-quality work in dynamic environments.","[""acquire new skills"", ""deliver high quality work"", ""work on challenging projects""]",The rapid pace of technological change necessitates continuous learning and skill adaptation. This competency is crucial for individuals to remain competitive and contribute effectively to innovation in future job markets.,False,,,,
C1_b523,523,Ethical Decision-Making and Professional Conduct,"This competency focuses on developing the ability to make sound ethical judgments and maintain professional integrity in the workplace. Learners will practice treating individuals fairly, exercising good judgment in complex situations, and upholding personal beliefs responsibly.","[""good judgment"", ""treat people with fairness"", ""use good judgement"", ""stand up for beliefs"", ""use good judgment""]","As AI and automation become more prevalent, the demand for human skills like ethical reasoning, empathy, and sound judgment will increase, making this competency crucial for navigating complex human-AI interactions and maintaining trust.",False,,,,
C2_b496,496,Database Performance and Data Integrity Management,"This competency covers the essential skills for optimizing database performance and ensuring data integrity. Learners will acquire knowledge in indexing, recovery processes, and identifying data anomalies to maintain robust and reliable database systems.","[""Optimize performance (indexing"", ""take ownership of recovery processes"", ""integrate internal links"", ""perform backend validations"", ""locate anomalies""]","As data volumes grow, efficient database management and the ability to ensure data accuracy are vital for informed decision-making and the smooth operation of data-driven applications, including those powered by AI.",False,,,,
C1_b10,10,AI/ML Solution Development and Deployment,"This competency focuses on the practical application of Artificial Intelligence and Machine Learning. Learners will acquire skills to deploy machine learning models, apply ML/DL algorithms to Natural Language Processing tasks, and accelerate the business adoption of scalable AI/ML solutions.","[""accelerate business adoption of scalable AI/ML solutions"", ""apply ML/DL algorithms to NLP tasks"", ""build deep learning applications"", ""deliver scalable AI solutions"", ""deploy machine learning models"", ""develop deep learning models"", ""host and deploy AI/ML models"", ""implement LLM-based and Generative AI solutions"", ""implement MLOps"", ""leverage deep learning"", ""machine learning"", ""run machine learning tests and experiments"", ""use Artificial Intelligence"", ""use generative AI""]","AI/ML is a rapidly expanding field, driving innovation across all industries. Proficiency in developing and deploying AI solutions is crucial for future technological advancement and economic growth.",False,,,,
C1_b764,764,Operational Excellence and Continuous Improvement,"This competency focuses on the ability to perform, oversee, and improve operational procedures and tasks. It includes identifying pain points and opportunities for improvement to enhance efficiency and optimize processes.","[""perform"", ""oversee"", ""optimisation"", ""operational procedures."", ""operational tasks"", ""pain points"", ""opportunities for improvement."", ""improve operational efficiency.""]","The drive for efficiency and optimization is constant across all industries, especially with the increasing complexity of digital systems. Continuous improvement methodologies are crucial for adapting to new technologies and market demands.",False,,,,
C9_b183,183,Data Validation and Statistical Program Analysis,This competency focuses on the critical skill of validating statistical programs and ensuring the accuracy and reliability of data analysis. Learners will understand the importance of data integrity in decision-making processes.,"[""validate statistical programs""]","In an increasingly data-driven world, the ability to validate statistical programs and ensure data quality is paramount. This competency supports reliable data analysis, which is crucial for informed decision-making across all industries.",False,,,,
C9_b105,105,Technology and Power Price Outlook Analysis,This competency involves analyzing technological trends and their impact on power pricing and energy markets. Learners will develop skills in forecasting and understanding the interplay between technology and environmental sustainability.,"[""develop technology and power price outlooks""]","As the world transitions to sustainable energy, understanding the technological and economic factors influencing power prices is crucial for developing future-proof energy solutions and policies.",False,,,,
C1_b406,406,Customer-Centric Innovation and Relationship Management,"This competency focuses on understanding and prioritizing customer needs to drive innovation and generate value. It involves building strong relationships, generating leads, and ensuring a positive customer experience, which is crucial for business growth and sustainability.","[""value innovation"", ""generate customer leads"", ""put the customer first"", ""build positive relationships""]","In an increasingly competitive and AI-driven market, understanding and responding to customer needs remains paramount. AI tools will augment customer interaction, making the human element of empathy and relationship building even more critical for differentiation.",False,,,,
C8_b275,275,Mentorship and Professional Development,This competency focuses on the ability to mentor junior developers and contribute to their professional growth. Learners will develop leadership and guidance skills to support the next generation of technical talent.,"[""mentor builders"", ""mentor junior developers"", ""provide ongoing support for junior crew members"", ""serve as subject matter expert""]","As technology fields expand, the need for experienced professionals to guide new talent becomes critical for knowledge transfer and team scalability. Mentorship is a key aspect of sustainable growth.",False,,,,
C4_b300,300,Database and Distributed Systems Management,"This competency involves optimizing database architecture, troubleshooting complex distributed systems, and effectively using logging and monitoring tools. It ensures the reliability, performance, and scalability of critical data infrastructure.","[""Ensure that data is accessible to all relevant parties"", ""keep core banking services stable"", ""monitor and report on fleet level availability"", ""monitor resources"", ""optimize database architecture"", ""run production workloads over Apache Cassandra"", ""troubleshoot complex distributed systems"", ""use Apache Kafka"", ""use logging tools""]","As data volumes continue to grow, robust database and distributed systems management skills are critical for maintaining data integrity, ensuring system uptime, and supporting data-driven decision-making in various industries.",False,,,,
C3_b292,292,User Experience and Predictive Design,This competency covers the principles of creating compelling user experiences and leveraging predictive modeling in design. Learners will understand how to develop branding and design systems that anticipate user needs and enhance interaction.,"[""create customer experiences"", ""develop predictive modeling"", ""design mechanical/electromechanical systems"", ""develop branding""]","In an increasingly digital world, user experience is a key differentiator. The integration of predictive modeling in design will become more common, allowing for highly personalized and intuitive user interfaces, making this a critical skill for future product development.",False,,,,
C2_b327,327,Agile Project Management and Continuous Delivery,"This competency covers the principles and practices of managing diverse projects, with an emphasis on agile methodologies and continuous delivery pipelines. Learners will acquire skills in managing project scope, minimizing risks, and contributing to efficient software development lifecycles.","[""manage diverse projects"", ""minimize risks"", ""work on continuous delivery pipeline"", ""actionable functional requirements""]","Agile and continuous delivery practices are fundamental to modern software development, enabling faster iteration, quicker time-to-market, and improved responsiveness to changing requirements.",False,,,,
C9_b77,77,Forward-Thinking Industry Engagement and Team Building,This competency involves adopting a forward-thinking mindset to engage with cutting-edge industries and build effective teams. It emphasizes connecting with others and fostering collaborative environments to drive innovation.,"[""forward -thinking"", ""industry"", ""work in a cutting edge industry"", ""connect with others"", ""create teams"", ""hire engineers""]","Navigating rapidly evolving industries requires a proactive approach and strong leadership in team formation and collaboration, essential for staying competitive and fostering innovation.",False,,,,
C2_b771,771,Proactive Action and Accountability,"This competency emphasizes taking initiative, acting decisively, and demonstrating accountability for one's actions and outcomes. Learners will develop the capacity to move forward with tasks, accept responsibility, and contribute actively to team goals.","[""Action"", ""Act"", ""Accountability"", ""Acceptance"", ""Move fast""]","In dynamic work environments, individuals who can take ownership and drive progress are highly valued. This competency fosters the proactive mindset necessary for innovation and efficient project delivery.",False,,,,
C2_b71,71,Cloud Infrastructure and Service Deployment,"This competency covers the design, deployment, and management of cloud-based infrastructure and services. Learners will develop the ability to build and deploy software applications efficiently within cloud environments, providing essential engineering services.","[""provide engineering services"", ""building services"", ""deploy software applications"", ""plan aviation infrastructure projects""]","Cloud computing continues to be a foundational technology for modern businesses, making expertise in cloud infrastructure deployment and management highly valuable for future IT roles.",False,,,,
C2_b494,494,Data Analysis for Insight Generation,This competency equips learners with the ability to analyze complex datasets to identify patterns and uncover hidden relationships. It emphasizes using analytical techniques to extract meaningful insights that can inform decision-making and drive strategic outcomes.,"[""uncover hidden relationships""]","The ability to extract insights from data is a cornerstone of AI and Machine Learning, driving innovation and competitive advantage in nearly every industry.",False,,,,
C1_b466,466,Team Collaboration & Mentorship,"This competency focuses on fostering a collaborative environment, providing guidance to team members, and effectively communicating within a professional setting. Learners will develop skills in mentoring, assisting teams, and providing constructive feedback to leadership.","[""act as a mentor for other members"", ""grants team"", ""Assist teams with"", ""serve as a mentor"", ""Liaise"", ""bring unexpected teams together"", ""communicate honestly""]","Effective collaboration and mentorship are increasingly vital as teams become more distributed and complex, driving innovation and knowledge transfer in dynamic work environments.",False,,,,
C3_b373,373,AI-Enhanced Content Creation and Human-AI Collaboration,This competency focuses on leveraging AI tools and principles to enhance content creation and foster effective human-AI collaboration. Learners will explore how AI can augment human capabilities in generating and refining various forms of content.,"[""enhance—not"", ""-first"", ""create copy""]",The ability to effectively collaborate with AI and utilize AI tools for content generation is an emerging and high-growth skill. This competency prepares individuals for future roles where human creativity is augmented by artificial intelligence.,False,,,,
C9_b307,307,Strategic Thinking and Waste Reduction,"This competency focuses on the ability to 'think big' and strategically, while also identifying and eliminating waste in processes. It combines visionary thinking with practical efficiency improvements.","[""think big"", ""eliminate waste""]",Strategic thinking combined with lean principles is crucial for innovation and efficiency in competitive markets. This supports the Strong_Growth in Big Data & Analytics and Moderate_Growth in Environmental & Sustainability Technology.,False,,,,
C1_b360,360,Software Development Lifecycle (SDLC) Fundamentals,"This competency focuses on understanding the core phases and principles of the Software Development Lifecycle (SDLC). Learners will be able to identify and describe the stages involved in developing software, from conception to deployment and maintenance. This foundational knowledge is crucial for effective participation in software projects.","[""understand SDLC""]","A solid grasp of SDLC principles remains fundamental for efficient and structured software development, which is increasingly important as software complexity grows and development cycles accelerate.",False,,,,
C9_b79,79,Strategic Technology Roadmapping for Sustainability,"This competency involves aligning technology development with long-term business goals and sustainability objectives. Learners will understand how to ensure that technology roadmaps support sustainable business growth, considering environmental and social impacts.","[""ensure technology roadmap supports sustainable business growth""]","Sustainability is a growing global imperative. Integrating sustainable practices into technology strategy is crucial for businesses to remain competitive, meet regulatory requirements, and contribute positively to environmental and social well-being.",False,,,,
C1_b176,176,Collaborative Software Development and Quality Assurance,"This competency focuses on the ability to contribute to software development projects within a team environment, including collaborating with cross-functional teams and supporting quality assurance processes. Learners will understand the importance of teamwork in delivering robust software solutions.","[""Analyze quality data"", ""collaborate as part of a team"", ""collaborate cross-functionally with teams"", ""collaborate effectively as part of a wider engineering team"", ""collaborate with high performing team"", ""collaborate with partner teams"", ""contribute to technical best practices"", ""execution of a subset of the engineering scope"", ""test software products"", ""work with QA teams to support testing and release readiness""]","Effective collaboration and integrated quality assurance are increasingly vital as software development becomes more complex and distributed, ensuring high-quality products and efficient workflows.",False,,,,
C1_b251,251,AI-Assisted Data Annotation and Process Optimization,"This competency focuses on the ability to perform data annotation tasks, particularly within AI and Machine Learning contexts, and to identify and address process inefficiencies. Learners will develop skills in preparing data for AI models and improving operational workflows.","[""perform annotation"", ""addressing process inefficiencies""]","As AI and ML become more prevalent, the ability to accurately annotate data is crucial for model training. Optimizing processes, especially with AI assistance, will drive efficiency and innovation across industries.",False,,,,
C4_b212,212,Adaptive Technology Integration and Solution Design,"Learners will acquire the skills to integrate the latest and evolving technologies into scalable digital solutions. This includes understanding technical requirements, designing test plans, and producing comprehensive technical documentation for developed or adapted systems.","[""integrating the latest technologies"", ""technical requirements."", ""design test plans"", ""adapt to evolving technologies"", ""scalable digital solutions"", ""produce technical documentation for developed or adapted solutions""]","The rapid pace of technological change demands professionals who can continuously adapt, integrate new tools, and design robust, future-proof solutions. This competency is essential for staying relevant in dynamic tech environments.",False,,,,
C9_b69,69,Digital Design and Graphics Development,"This competency covers the principles and practices of digital design, including graphic creation. Learners will acquire design skills and the ability to develop graphics for various digital applications.","[""design skills"", ""develop graphics""]","Effective digital design and compelling graphics are essential for user experience and engagement in all digital products and services, from web applications to games.",False,,,,
C3_b336,336,Cybersecurity Solutions Implementation and Testing,"This competency covers the practical application and testing of cybersecurity solutions. Learners will gain proficiency in articulating and implementing SIEM, UEBA, and SOAR solutions, alongside conducting thorough unit testing to ensure system integrity and security.","[""articulate SIEM, UEBA, and SOAR solutions"", ""conduct unit testing""]","With the increasing sophistication of cyber threats, expertise in implementing and testing advanced cybersecurity solutions is paramount for protecting digital assets and maintaining trust in an interconnected world.",False,,,,
C10_b64,64,Natural Language Processing Model Development,"This competency focuses on the specialized area of developing models that enable computers to understand, interpret, and generate human language. Learners will acquire the skills to develop natural language processing models for various applications.","[""develop natural language processing models""]","NLP is at the core of many emerging AI applications, from chatbots to advanced search engines. Expertise in NLP model development is critical for building intelligent systems that interact naturally with humans, a key aspect of future technology.",False,,,,
C8_b221,221,Innovation and Market Understanding in Digital Offerings,This competency focuses on the ability to innovate offerings and understand financial markets to shape the future of digital retail. Learners will develop a strategic perspective on market dynamics and product development in the digital economy.,"[""innovate offerings"", ""understand financial markets"", ""shape the future of automotive retail"", ""emphasize markets""]","In a rapidly changing digital landscape, the ability to innovate and strategically position offerings based on market understanding is key to business survival and growth. This competency drives competitive advantage and adaptability.",False,,,,
C2_b396,396,Human-Centric Design and Ethical Content Management,"This competency focuses on understanding user emotions and ensuring the suitability of digital artworks, while also evaluating graphic, controversial, and offensive video content responsibly. It emphasizes a human-centered approach to digital product development and content moderation.","[""emotions"", ""ensure artworks are suitable"", ""evaluate graphic, controversial, and offensive video content"", ""defining the style""]","As AI-generated content and interactive experiences become more prevalent, the ability to design ethically and manage sensitive content with sound judgment is vital for maintaining user trust and well-being.",False,,,,
C1_b83,83,Secure Cloud and Digital Solution Deployment,"This competency focuses on the secure deployment and management of digital solutions within cloud environments. Learners will acquire skills to safeguard sensitive data across various systems and manage the full lifecycle of project deployment, including scope, acceptance, installation, and ongoing operations.","[""securely"", ""safeguard sensitive data across systems"", ""manage project’s scope, acceptance, installation and deployment"", ""leverage ecosystem across functions"", ""enable AWS services"", ""deliver digitalization solutions""]","As organizations increasingly rely on cloud infrastructure and digital transformation, the ability to securely deploy and manage these solutions is paramount for protecting data and ensuring business continuity in the future of work.",False,,,,
C1_b238,238,Collaborative Communication and Teamwork,"This competency focuses on effectively communicating ideas, collaborating with diverse teams, and fostering a positive work environment. Learners will develop skills in both oral and written communication, and learn to work cooperatively to achieve shared goals.","[""IT partners"", ""adapt to working independently and as a team player"", ""bring skills and passion"", ""coach and support junior colleagues"", ""collaborate with Manufacturing"", ""collaborate with Ministry of Defence"", ""collaborate with business units"", ""collaborate with product managers"", ""collaborative leadership"", ""communicate issues to senior management"", ""communicate orally and in writing"", ""communicate through front line, online, and telephone"", ""communicate with healthcare team"", ""contribute with diverse ideas"", ""coordinate multi stakeholder response processes"", ""create inclusive workplaces"", ""demonstrate clear and thorough analytical thinking"", ""empower developers"", ""ensure technical requirements are met"", ""execute electrical hardware projects"", ""frontline staff"", ""grow in a fast -paced technology environment."", ""interests together."", ""lead infrastructure efforts"", ""lead with a forward-thinking perspective"", ""long -term strategic goals."", ""make workplace accessible"", ""manage client communications"", ""rotate between industry teams"", ""see issues from multiple perspectives"", ""support the Engineering Team Lead and other engineers"", ""training production personnel on operating new or existing tooling"", ""work as part of a team"", ""work in a team environment"", ""work in partnership with teams"", ""work with manufacturing team"", ""working with a""]","Effective collaboration and communication are increasingly vital in interconnected global workplaces, especially with the rise of remote work and cross-functional teams, making human-AI collaboration more seamless.",False,,,,
C2_b34,34,Advanced Data Engineering and Architecture,"This competency covers the design and implementation of robust and scalable data engineering solutions. Learners will acquire skills in developing data pipelines, architecting data warehouses, and applying modern data engineering patterns to support data-driven decision-making.","[""implement modern data engineering patterns"", ""architect cloud data modernization initiatives"", ""use data modeling tools"", ""develop scalable data pipelines"", ""architect a scalable data warehouse""]","As data volumes continue to grow exponentially, the ability to efficiently process, store, and manage data is paramount for businesses to extract insights and build intelligent applications, making data engineering a highly sought-after skill.",False,,,,
C9_b85,85,UX/UI Design Concepts and Technology Roadmapping,"This competency focuses on the principles of user experience (UX) and user interface (UI) design, coupled with strategic technology planning. Learners will be able to design concepts and contribute to technology roadmaps, ensuring user-centric and forward-looking product development.","[""design concepts"", ""technology roadmaps.""]","User experience remains critical for the adoption and success of any technology, including AI-powered applications. Strategic technology roadmapping is essential for navigating rapid technological changes and ensuring long-term relevance.",False,,,,
C4_b385,385,Human-AI Collaboration and Ethical Practices,"This competency emphasizes the ability to work effectively in environments integrating AI, fostering openness, and understanding the ethical implications of AI technologies. It includes promoting an inclusive culture and contributing to organizational success.","[""enabler"", ""encourage openness"", ""check out YouTube channel"", ""commit to working with people with disabilities"", ""contribute to organizational success""]","As AI becomes more pervasive, the capacity for humans to collaborate effectively and ethically with AI systems will be a cornerstone of future work, requiring adaptability and responsible implementation.",False,,,,
C2_b1,1,Leading and Guiding AI Initiatives,"This competency covers the leadership and strategic aspects of managing AI initiatives. It includes guiding the delivery of AI solutions, providing expert advice on AI/ML technologies, and defining platform strategies to achieve organizational AI/ML ambitions.","[""lead the delivery of AI solutions"", ""provide expert guidance on AI/ML technologies"", ""ML / AI ambitions"", ""architect AI/ML solutions"", ""define AI/ML platform strategy"", ""guide end -to -end AI solutions—from""]","As AI becomes more pervasive, leaders who can strategically guide AI adoption and ensure its effective integration will be in high demand, shaping the future direction of technology-driven businesses.",False,,,,
C1_b12,12,AI Strategy and Solution Development,"This competency focuses on the ability to develop and implement strategic AI initiatives. Learners will acquire skills to translate complex AI concepts into actionable recommendations, convert business problems into AI prototypes, and innovate AI-driven systems for global expansion.","[""develop AI strategy"", ""expand AI solutions globally"", ""translate complex AI concepts into actionable recommendations"", ""convert business problems into agentic AI prototypes"", ""innovate AI-driven systems"", ""Stay current on AI""]","The ability to strategically apply and innovate with AI is crucial for future business growth and competitive advantage across all industries, driving efficiency and new product development.",False,,,,
C2_b502,502,Agile Development and Rapid Problem Solving,"This competency emphasizes the ability to work efficiently in fast-paced environments, quickly identify and unblock obstacles, and deliver solutions with urgency. It cultivates a proactive approach to achieving goals and maintaining momentum in software development.","[""move fast, unblock quickly, and deliver with urgency"", ""move fast to achieve goals""]","The demand for rapid iteration and quick problem-solving is increasing across industries, driven by agile methodologies and the need to adapt to fast-changing market conditions. This competency is vital for maintaining competitive advantage.",False,,,,
C1_b23,23,Implementing AI/ML and Generative AI Solutions,"This competency focuses on the practical application of Artificial Intelligence and Machine Learning, including the development and deployment of generative AI models. Learners will gain skills in implementing ML solutions, making significant strides in generative AI, and implementing generative AI models to address real-world problems.","[""implement ML solutions"", ""make significant strides in generative AI"", ""implement Generative AI solutions"", ""implement generative AI models""]","AI and Generative AI are rapidly transforming industries, creating new opportunities and demanding skilled professionals who can develop and integrate these advanced technologies into various applications.",False,,,,
C2_b468,468,Client-Centric Communication and Stakeholder Engagement,"This competency emphasizes the development of strong communication and collaboration skills to meet client and community needs. Learners will practice partnering closely with stakeholders, managing diverse content, and ensuring exceptional service delivery.","[""Partner closely"", ""meet community needs"", ""ensure exceptional outcomes for clients"", ""manage multi-lingual content"", ""represent communities"", ""drive engagements"", ""speak at events"", ""provide business support""]","As businesses become more interconnected and customer-focused, the ability to communicate effectively, engage diverse stakeholders, and deliver value-driven solutions is crucial for success and building strong relationships.",False,,,,
C1_b91,91,Innovating and Automating Solutions with Emerging Technologies,"This competency focuses on the ability to identify, evaluate, and integrate emerging technologies, including GenAI tools, to innovate services and design automation solutions. Learners will develop skills in embedding innovation within processes and leading the delivery of advanced automation.","[""innovate services"", ""design automations"", ""embed innovation"", ""evaluate emerging technologies"", ""lead the delivery of innovative automation solutions"", ""leverage GenAI tools""]","The ability to innovate and automate using emerging technologies, especially AI, is crucial for future productivity and competitive advantage across all industries. This competency prepares individuals to drive technological advancement and efficiency.",False,,,,
C3_b90,90,Cybersecurity Risk Management and Improvement,"Learners will develop the skills to manage sensitive and confidential information, develop robust risk management procedures, and drive continuous security improvements. This competency emphasizes maintaining a high degree of confidentiality and proactively enhancing security postures.","[""manage sensitive and confidential information"", ""develop risk management procedures"", ""drive continuous security improvements"", ""exercise a high degree of confidentiality""]","With the increasing sophistication of cyber threats, strong cybersecurity practices are indispensable. This competency prepares individuals to protect digital assets and maintain trust in an increasingly interconnected and vulnerable digital world.",False,,,,
C3_b448,448,System Monitoring and Administration,"This competency covers the essential skills for monitoring system performance, managing capacity, and understanding core system technologies. Learners will gain practical knowledge in maintaining and optimizing IT infrastructure.","[""understand VoIP systems"", ""profile and benchmark models"", ""monitor system capacity"", ""use Laravel""]","With the increasing complexity of IT systems and the reliance on digital infrastructure, the ability to effectively monitor and administer these systems is vital for ensuring operational continuity and performance.",False,,,,
C2_b434,434,Operational Management and Performance Monitoring,"This competency equips learners with the skills to manage operational responsibilities, monitor system performance, and analyze product profitability. It includes understanding and addressing delivery constraints to ensure efficient and effective service delivery.","[""manage on-call responsibilities"", ""monitor client/firm positions"", ""analyze product profitability"", ""manage delivery constraints"", ""monitor and evaluate product performance"", ""manage client relationships""]","As systems become more complex and automated, the ability to monitor performance, manage incidents, and analyze operational data will be crucial for maintaining system reliability and optimizing business outcomes, often in conjunction with AI-powered monitoring tools.",False,,,,
C3_b423,423,Foundational Programming and Automation,"This competency covers fundamental programming skills, specifically in Python and Ruby, and their application in process automation. Learners will develop the ability to write code and utilize platforms for automating tasks and improving operational efficiency.","[""program in Ruby"", ""use ACI CRM platform effectively"", ""write Core Python""]","Programming and automation skills are foundational for many emerging roles, particularly in AI and data science, where scripting and automation are essential for developing and deploying intelligent systems.",False,,,,
C9_b138,138,Post-Production Pipeline Management,This competency involves working with postproduction teams to manage and optimize pipeline tasks. It focuses on the efficient flow of work and assets in creative and technical production environments.,"[""work with postproduction team on pipeline tasks""]","The demand for digital content and media continues to grow, making efficient post-production workflows essential. This competency supports streamlined content creation and delivery in various industries.",False,,,,
C11_b133,133,Engineering Outcome Production,This competency focuses on the practical ability to produce tangible engineering outcomes. It encompasses the entire process from conception to delivery of engineered solutions.,"[""produce engineering outcomes""]","The core of software and game development remains the ability to deliver functional and robust engineering outcomes, which is foundational for all technological advancements.",False,,,,
C6_b156,156,Digital Platform Expansion and Online Learning,"This competency focuses on strategies and technologies for expanding digital platforms, particularly in the context of online learning. Learners will explore methods to enhance and broaden online educational offerings.","[""expand online learning offer""]",The shift towards digital and online learning is a permanent trend. Expertise in expanding and managing online educational platforms is crucial for future workforce development and accessibility.,False,,,,
C2_b19,19,Cloud-Native Architecture and DevOps,"This competency equips learners with the knowledge and skills to design, build, and manage scalable cloud-native applications and infrastructure. It emphasizes the implementation of modern DevOps practices, automation of cloud processes, and the development of microservices architectures on leading cloud platforms. Learners will understand the evolution of cloud solutions and their practical application.","[""design cloud computing architectures"", ""implement modern DevOps practices"", ""automate cloud processes"", ""architect AWS infrastructure"", ""build cloud-native microservices"", ""evolution of our cloud solutions"", ""communicate DevOps and Observability platforms""]","Cloud computing and DevOps are foundational to modern software development, enabling rapid deployment, scalability, and resilience, which are essential for future digital transformation.",False,,,,
C3_b253,253,Team Leadership and Professional Development,"This competency focuses on developing leadership qualities to build and manage high-performing teams. Learners will gain skills in facilitating professional growth, overseeing team management, and fostering an environment of continuous learning and development.","[""Oversee the management"", ""deals with colleagues at all levels"", ""develop a high performing team"", ""develop a team of workforce analysts"", ""develop self"", ""enable individuals to do their best work"", ""ensure access to expertise"", ""explore new skills and opportunities"", ""facilitate professional development"", ""fostering the technical growth of the engineers"", ""guide a team"", ""help teams move with clarity"", ""hone current skills"", ""influence without authority"", ""make tangible contributions"", ""manage and support individuals within teams"", ""managing a small team of two developers"", ""mentor and coach other engineers"", ""participate in leadership development sessions"", ""participate in professional development trainings"", ""promote professional development"", ""provide strategic advice"", ""timely communication""]",Effective leadership and a commitment to continuous learning are crucial for navigating rapidly evolving technological landscapes. Fostering team growth ensures adaptability and innovation in the face of new challenges.,False,,,,
C8_b225,225,Human-AI Collaboration and Talent Attraction,"This competency explores the intersection of human interaction and artificial intelligence, focusing on how AI can provide peace of mind and assist in attracting talent. It emphasizes understanding the ethical and practical implications of AI in human-centric processes.","[""provide peace of mind"", ""attract talent""]","The rise of AI necessitates professionals who can effectively integrate AI tools to enhance human capabilities, improve well-being, and optimize talent acquisition processes, fostering a symbiotic relationship between humans and AI.",False,,,,
